Case_ID,org:group_X|count|literal,org:group_G|count|literal,org:group_D|count|literal,length,org:group_P|count|literal,org:group_M|count|literal,org:group_V|count|literal,org:group_T|count|literal,org:group_B|count|literal,org:group_J|count|literal,org:group_N|count|literal,org:group_Y|count|literal,org:group_R|count|literal,org:group_A|count|literal,org:group_Q|count|literal,org:group_K|count|literal,org:group_F|count|literal,org:group_E|count|literal,org:group_O|count|literal,org:group_U|count|literal,org:group_C|count|literal,org:group_I|count|literal,org:group_W|count|literal,org:group_L|count|literal,org:group_S|count|literal,org:group_H|count|literal,org:group_?|count|literal
A,0,0,1,22,0,0,0,0,15,0,0,0,0,4,0,0,0,1,0,0,1,0,0,0,0,0,0
B,0,0,0,12,0,0,0,0,5,0,0,0,0,4,0,0,1,1,0,0,1,0,0,0,0,0,0
C,0,1,0,14,0,0,0,0,6,0,0,0,0,4,0,0,0,1,0,0,1,0,0,0,0,1,0
D,0,0,0,13,0,0,0,0,5,0,0,0,0,4,0,0,1,1,0,0,1,0,0,0,0,0,1
E,0,0,0,8,0,0,0,0,3,0,0,0,0,4,0,0,0,0,0,0,1,0,0,0,0,0,0
F,0,0,0,10,0,0,0,0,3,0,0,0,0,4,0,0,0,1,0,0,1,1,0,0,0,0,0
G,0,0,0,12,0,0,0,0,5,0,0,0,0,4,0,0,0,1,0,0,1,0,0,0,0,1,0
H,0,0,0,13,0,0,0,0,6,2,0,0,0,2,0,1,0,1,0,0,1,0,0,0,0,0,0
I,0,0,0,11,0,1,0,0,5,0,0,0,0,0,0,0,0,1,0,0,1,0,0,3,0,0,0
J,0,0,0,11,0,0,0,0,4,0,0,0,0,4,0,0,1,1,0,0,1,0,0,0,0,0,0
K,0,0,0,16,0,0,0,0,7,0,0,0,0,4,0,0,0,1,0,0,1,0,0,0,0,2,1
L,0,0,0,15,0,0,0,0,7,0,1,0,0,4,0,0,0,1,0,0,1,0,0,0,0,0,1
M,0,0,0,3,0,0,0,0,0,0,0,0,0,2,0,0,0,0,0,0,1,0,0,0,0,0,0
N,0,0,0,12,0,0,0,0,5,0,0,0,0,4,0,0,0,1,1,0,1,0,0,0,0,0,0
O,0,0,0,11,0,0,0,0,3,0,0,0,0,4,0,0,0,1,0,0,1,1,0,0,0,0,1
P,0,0,0,3,0,0,0,0,0,0,0,0,0,2,0,0,0,0,0,0,1,0,0,0,0,0,0
Q,0,0,0,3,0,0,0,0,0,0,0,0,0,0,0,0,0,0,0,0,1,0,0,2,0,0,0
R,0,0,0,5,0,0,0,0,2,0,0,0,0,2,0,0,0,0,0,0,1,0,0,0,0,0,0
S,0,1,0,19,1,0,0,0,9,0,0,0,0,4,0,0,1,1,0,0,1,0,0,0,0,0,1
T,0,0,0,10,0,0,0,0,3,0,0,0,0,4,1,0,0,1,0,0,1,0,0,0,0,0,0
U,0,0,0,11,0,0,0,0,6,0,0,0,0,2,0,0,0,1,0,0,1,0,0,0,0,1,0
V,0,0,0,21,1,0,0,0,12,0,0,0,0,4,0,0,0,1,1,0,1,0,0,0,0,0,1
W,0,0,0,11,0,0,0,0,4,0,0,0,0,4,1,0,0,1,0,0,1,0,0,0,0,0,0
X,0,0,0,13,0,1,0,0,7,0,0,0,0,2,0,0,0,1,0,0,1,0,0,0,0,0,1
Y,0,0,0,8,0,0,0,0,3,0,0,0,0,4,0,0,0,0,0,0,1,0,0,0,0,0,0
Z,0,0,0,10,0,0,0,0,3,2,0,0,1,2,0,0,0,1,0,0,1,0,0,0,0,0,0
AA,0,0,0,8,0,0,0,0,3,0,0,0,0,4,0,0,0,0,0,0,1,0,0,0,0,0,0
BA,0,0,0,13,0,0,0,0,5,0,0,0,0,4,0,0,1,1,0,0,1,0,0,0,0,0,1
CA,0,0,0,8,0,0,0,0,3,0,0,0,0,4,0,0,0,0,0,0,1,0,0,0,0,0,0
DA,0,0,0,12,0,0,0,0,5,0,0,0,0,4,0,0,0,1,1,0,1,0,0,0,0,0,0
EA,0,1,0,15,0,0,0,0,6,0,0,0,0,4,0,0,1,1,0,0,1,0,0,0,0,0,1
FA,0,0,0,8,0,0,0,0,3,0,0,0,0,4,0,0,0,0,0,0,1,0,0,0,0,0,0
GA,0,0,0,12,0,0,0,0,5,0,0,0,0,4,0,0,0,1,1,0,1,0,0,0,0,0,0
HA,0,0,1,11,0,0,0,0,5,0,1,0,0,2,0,0,0,1,0,0,1,0,0,0,0,0,0
IA,0,0,0,8,0,0,0,0,3,0,0,0,0,4,0,0,0,0,0,0,1,0,0,0,0,0,0
JA,0,0,0,14,0,0,0,0,6,0,1,0,0,3,0,0,1,1,0,0,1,0,0,0,0,0,1
KA,0,0,0,16,0,0,0,0,9,0,0,0,0,4,0,0,0,1,0,0,1,0,0,0,0,1,0
LA,0,0,0,5,0,0,0,0,2,0,0,0,0,2,0,0,0,0,0,0,1,0,0,0,0,0,0
MA,0,0,0,14,0,0,0,0,7,0,0,0,0,4,0,0,0,1,0,0,1,0,0,0,1,0,0
NA,0,1,0,24,0,0,0,0,16,0,0,0,0,4,0,0,0,1,1,0,1,0,0,0,0,0,0
OA,0,0,0,11,0,0,0,0,6,0,0,0,0,4,0,0,0,0,0,0,1,0,0,0,0,0,0
PA,0,0,0,6,0,0,0,0,3,0,0,0,0,2,0,0,0,0,0,0,1,0,0,0,0,0,0
QA,0,0,1,14,0,0,0,0,7,0,0,0,0,4,0,0,0,1,0,0,1,0,0,0,0,0,0
RA,0,0,0,3,0,0,0,0,0,0,0,0,0,2,0,0,0,0,0,0,1,0,0,0,0,0,0
SA,0,0,0,14,0,1,0,0,6,0,0,0,0,0,0,0,0,1,0,0,1,0,0,4,0,0,1
TA,0,0,0,10,0,0,0,0,5,0,0,0,0,2,0,0,0,1,1,0,1,0,0,0,0,0,0
UA,0,0,0,11,0,0,0,0,4,0,0,0,0,4,0,0,0,1,0,0,1,1,0,0,0,0,0
VA,0,1,0,13,0,0,0,0,5,0,0,0,0,4,0,0,0,1,1,0,1,0,0,0,0,0,0
WA,0,0,0,8,0,0,0,0,1,0,0,0,1,2,0,0,1,1,0,0,1,0,0,0,0,0,1
XA,0,0,0,3,0,0,0,0,0,0,0,0,0,2,0,0,0,0,0,0,1,0,0,0,0,0,0
YA,0,0,0,6,0,0,0,0,3,0,0,0,0,2,0,0,0,0,0,0,1,0,0,0,0,0,0
ZA,0,0,0,8,0,0,0,0,3,0,0,0,0,4,0,0,0,0,0,0,1,0,0,0,0,0,0
AB,0,0,0,8,0,0,0,0,3,0,0,0,0,4,0,0,0,0,0,0,1,0,0,0,0,0,0
BB,0,0,0,6,0,0,0,0,3,0,0,0,0,2,0,0,0,0,0,0,1,0,0,0,0,0,0
CB,0,1,0,14,0,0,0,0,6,0,0,0,0,4,0,0,0,1,1,0,1,0,0,0,0,0,0
DB,0,0,0,12,0,1,0,0,5,0,0,0,0,4,0,0,0,1,0,0,1,0,0,0,0,0,0
EB,0,0,0,8,0,0,0,0,3,0,0,0,0,4,0,0,0,0,0,0,1,0,0,0,0,0,0
FB,0,0,0,8,0,0,0,0,3,0,0,0,0,4,0,0,0,0,0,0,1,0,0,0,0,0,0
GB,0,0,0,13,0,0,0,0,5,0,0,0,0,4,0,0,0,1,1,0,1,0,0,0,0,0,1
HB,0,0,0,15,0,0,0,1,7,0,0,0,0,4,0,0,0,1,0,0,1,0,0,0,0,1,0
IB,0,1,0,14,0,0,0,0,6,0,0,0,0,4,0,0,0,1,1,0,1,0,0,0,0,0,0
JB,0,0,0,8,0,0,0,0,3,0,0,0,0,4,0,0,0,0,0,0,1,0,0,0,0,0,0
KB,0,0,0,11,0,0,0,0,3,0,0,0,0,4,0,0,1,1,0,0,1,0,0,0,0,0,1
LB,0,0,0,19,0,0,0,0,11,0,1,0,0,4,0,0,0,1,0,0,1,1,0,0,0,0,0
MB,0,0,0,3,0,0,0,0,0,0,0,0,0,2,0,0,0,0,0,0,1,0,0,0,0,0,0
NB,0,1,0,21,0,0,0,0,13,0,0,0,0,4,0,0,0,1,0,0,1,1,0,0,0,0,0
OB,0,0,0,16,0,0,0,0,9,0,1,0,0,4,0,0,0,1,0,0,1,0,0,0,0,0,0
PB,0,0,0,16,0,0,0,0,8,0,0,0,0,4,0,0,0,1,1,0,1,0,0,0,0,0,1
QB,0,0,1,16,0,0,0,0,8,0,0,0,0,4,0,0,0,1,0,0,1,0,0,0,0,0,1
RB,0,0,0,7,0,1,0,0,2,0,0,0,0,0,0,0,0,1,0,0,1,0,0,2,0,0,0
SB,0,0,0,14,0,0,0,0,5,0,0,0,0,4,0,0,1,1,0,0,1,1,0,0,0,0,1
TB,0,0,0,9,0,0,0,0,3,0,1,0,0,2,0,0,0,1,0,0,1,0,0,0,0,0,1
UB,0,0,0,9,0,0,0,0,3,0,0,0,0,4,0,0,1,0,0,0,1,0,0,0,0,0,0
VB,0,1,0,13,0,0,0,0,5,0,0,0,0,3,0,0,0,1,0,0,1,1,0,0,0,0,1
WB,0,0,0,5,0,0,0,0,2,0,0,0,0,2,0,0,0,0,0,0,1,0,0,0,0,0,0
XB,0,0,0,11,0,0,0,0,4,0,0,0,0,4,0,0,1,1,0,0,1,0,0,0,0,0,0
YB,0,1,0,15,0,0,0,0,7,0,0,0,0,4,0,0,1,1,0,0,1,0,0,0,0,0,0
ZB,0,0,0,16,0,0,0,0,8,0,0,0,0,4,0,0,0,1,1,0,1,0,0,0,0,0,1
AC,0,0,0,13,0,0,0,0,5,0,0,0,0,4,0,0,0,1,1,0,1,0,0,0,0,0,1
BC,0,0,0,5,0,0,0,0,2,0,0,0,0,2,0,0,0,0,0,0,1,0,0,0,0,0,0
CC,0,0,0,14,0,0,0,0,5,0,0,0,0,4,1,0,0,1,1,0,1,0,0,0,0,0,1
DC,0,0,0,12,0,0,0,0,4,0,0,0,0,4,0,0,1,1,0,0,1,0,0,0,0,0,1
EC,0,0,0,17,0,0,0,0,10,0,0,0,0,4,0,0,1,1,0,0,1,0,0,0,0,0,0
FC,0,0,0,7,0,0,0,0,2,0,0,0,1,2,0,0,0,1,0,0,1,0,0,0,0,0,0
GC,0,0,0,12,0,0,0,0,5,0,0,0,1,4,0,0,0,1,0,0,1,0,0,0,0,0,0
HC,0,0,0,5,0,0,0,0,2,0,0,0,0,2,0,0,0,0,0,0,1,0,0,0,0,0,0
IC,0,0,0,12,0,0,0,0,4,0,0,0,1,4,0,0,0,1,0,0,1,0,0,0,0,0,1
JC,0,0,0,15,0,0,0,0,7,0,0,0,0,4,1,0,0,1,0,0,1,0,0,0,0,0,1
KC,0,0,0,13,0,0,0,0,6,0,0,0,0,4,0,0,1,1,0,0,1,0,0,0,0,0,0
LC,0,0,0,21,0,1,0,0,13,0,0,0,0,3,0,0,0,1,0,0,1,1,0,0,0,0,1
MC,0,0,0,14,0,0,0,0,6,0,0,0,0,0,0,0,0,1,1,0,1,0,0,4,0,0,1
NC,0,0,0,7,0,0,0,0,2,0,0,0,0,4,0,0,0,0,0,0,1,0,0,0,0,0,0
OC,0,0,0,22,1,0,0,0,13,0,0,0,0,4,0,0,1,1,0,0,1,0,0,0,0,0,1
PC,0,0,0,5,0,0,0,0,2,0,0,0,0,2,0,0,0,0,0,0,1,0,0,0,0,0,0
QC,0,0,0,15,0,0,0,0,8,0,0,0,1,4,0,0,0,1,0,0,1,0,0,0,0,0,0
RC,0,1,0,13,0,0,0,0,4,0,0,0,0,4,0,0,0,1,0,0,1,1,0,0,0,0,1
SC,0,0,0,9,0,0,0,0,4,0,0,0,0,4,0,0,0,0,0,0,1,0,0,0,0,0,0
TC,0,0,0,24,1,0,0,0,15,0,0,0,0,4,0,0,0,1,0,0,1,1,0,0,0,0,1
UC,0,1,0,32,1,0,0,0,22,0,0,0,0,4,0,0,0,1,0,0,1,1,0,0,0,0,1
VC,0,0,0,13,0,0,0,0,6,0,0,0,0,4,0,0,1,1,0,0,1,0,0,0,0,0,0
WC,0,1,0,12,0,0,0,0,3,0,0,0,0,4,0,0,0,1,0,1,1,0,0,0,0,0,1
XC,0,0,0,8,0,0,0,0,3,0,0,0,0,4,0,0,0,0,0,0,1,0,0,0,0,0,0
YC,0,0,0,9,0,0,0,0,4,0,0,0,0,4,0,0,0,0,0,0,1,0,0,0,0,0,0
ZC,0,0,0,10,0,0,0,0,5,0,0,0,0,4,0,0,0,0,0,0,1,0,0,0,0,0,0
AD,0,0,0,29,1,0,0,0,19,0,0,0,0,4,0,0,1,1,0,0,1,0,0,0,1,0,1
BD,0,0,0,12,0,0,0,0,5,0,0,0,0,4,0,0,0,1,0,0,1,0,0,0,0,1,0
CD,0,0,0,8,0,0,0,0,3,0,0,0,0,4,0,0,0,0,0,0,1,0,0,0,0,0,0
DD,0,0,0,8,0,0,1,0,3,0,0,0,0,2,0,0,0,1,0,0,1,0,0,0,0,0,0
ED,0,1,0,33,0,0,0,0,22,0,2,0,0,4,1,0,0,1,0,0,1,0,0,0,0,0,1
FD,0,0,0,11,0,0,0,0,6,0,0,0,0,4,0,0,0,0,0,0,1,0,0,0,0,0,0
GD,0,0,0,14,0,0,0,0,7,0,0,0,0,4,0,0,0,1,1,0,1,0,0,0,0,0,0
HD,0,0,0,32,0,0,0,0,23,0,0,0,0,0,0,1,0,1,1,0,1,0,1,4,0,0,0
ID,0,0,0,3,0,0,0,0,0,0,0,0,0,2,0,0,0,0,0,0,1,0,0,0,0,0,0
JD,0,0,0,14,0,0,0,0,5,0,0,0,1,0,0,0,1,1,0,0,1,0,0,4,0,0,1
KD,0,0,0,17,1,0,0,0,8,0,0,0,0,4,0,0,1,1,0,0,1,0,0,0,0,0,1
LD,0,0,0,14,0,0,0,0,7,0,0,0,0,4,0,0,0,1,1,0,1,0,0,0,0,0,0
MD,0,0,0,15,0,0,0,0,7,0,0,0,0,4,0,0,0,1,1,0,1,0,0,0,0,0,1
ND,0,0,0,16,0,0,0,0,8,0,0,0,1,4,0,0,0,1,0,0,1,1,0,0,0,0,0
OD,0,0,0,118,0,0,0,0,111,0,0,0,0,4,0,0,0,1,0,0,1,0,1,0,0,0,0
PD,0,0,0,9,0,0,0,0,4,0,0,0,0,4,0,0,0,0,0,0,1,0,0,0,0,0,0
QD,0,0,0,12,0,0,0,0,5,0,0,0,0,3,1,0,0,1,1,0,1,0,0,0,0,0,0
RD,0,0,0,7,0,0,0,0,2,0,0,0,0,4,0,0,0,0,0,0,1,0,0,0,0,0,0
SD,0,0,0,14,0,0,0,0,7,0,0,0,1,4,0,0,0,1,0,0,1,0,0,0,0,0,0
TD,0,1,2,16,0,0,0,0,7,0,0,0,0,4,0,0,0,1,0,0,1,0,0,0,0,0,0
UD,0,1,0,31,0,0,0,0,22,0,0,0,0,4,1,0,0,1,0,0,1,0,0,0,0,0,1
VD,0,1,0,11,0,0,0,0,3,0,0,0,0,4,0,0,1,1,0,0,1,0,0,0,0,0,0
WD,0,0,0,3,0,0,0,0,0,0,0,0,0,2,0,0,0,0,0,0,1,0,0,0,0,0,0
XD,0,0,0,10,0,0,0,0,3,0,0,0,0,4,0,0,0,1,1,0,1,0,0,0,0,0,0
YD,0,0,0,8,0,0,0,0,3,0,0,0,0,4,0,0,0,0,0,0,1,0,0,0,0,0,0
ZD,0,0,0,7,0,0,0,0,2,0,0,0,1,2,0,0,0,1,0,0,1,0,0,0,0,0,0
AE,0,0,0,18,1,0,0,0,8,0,0,0,0,4,0,0,2,1,0,0,1,0,0,0,0,0,1
BE,0,0,0,15,0,0,1,1,6,0,0,0,0,4,0,0,0,1,0,0,1,0,0,0,0,0,1
CE,0,0,0,11,0,0,1,1,3,0,0,0,0,4,0,0,0,1,0,0,1,0,0,0,0,0,0
DE,0,0,0,5,0,0,0,0,2,0,0,0,0,2,0,0,0,0,0,0,1,0,0,0,0,0,0
EE,0,0,0,7,0,0,0,0,2,0,0,0,0,2,0,0,0,1,0,1,1,0,0,0,0,0,0
FE,0,0,0,17,0,0,0,0,11,0,0,0,0,2,0,0,0,1,0,0,1,1,0,0,0,0,1
GE,0,1,0,15,0,0,0,0,7,0,0,0,0,4,0,0,0,1,1,0,1,0,0,0,0,0,0
HE,0,1,0,17,0,0,0,0,9,0,0,0,0,4,0,0,1,1,0,0,1,0,0,0,0,0,0
IE,0,0,0,7,0,0,0,0,2,1,0,0,0,2,0,0,0,1,0,0,1,0,0,0,0,0,0
JE,0,1,0,16,0,0,0,0,7,0,0,0,0,4,0,0,0,1,1,0,1,0,0,0,0,0,1
KE,0,1,0,16,0,0,0,0,7,0,0,0,0,4,0,0,0,1,1,0,1,0,0,0,0,0,1
LE,0,0,0,12,0,1,0,0,5,0,0,0,0,4,0,0,0,1,0,0,1,0,0,0,0,0,0
ME,0,0,0,15,0,0,0,0,7,0,0,0,0,4,0,0,1,1,0,0,1,0,0,0,0,0,1
NE,0,0,0,5,0,0,0,0,2,0,0,0,0,2,0,0,0,0,0,0,1,0,0,0,0,0,0
OE,0,0,0,3,0,0,0,0,0,0,0,0,0,2,0,0,0,0,0,0,1,0,0,0,0,0,0
PE,0,0,0,8,0,0,0,0,3,0,0,0,0,4,0,0,0,0,0,0,1,0,0,0,0,0,0
QE,0,0,0,21,1,0,0,0,12,0,0,0,0,4,1,0,0,1,0,0,1,0,0,0,0,0,1
RE,0,0,0,8,0,0,0,0,3,0,0,0,0,4,0,0,0,0,0,0,1,0,0,0,0,0,0
SE,0,0,0,10,0,0,0,0,3,0,0,0,0,4,0,0,0,1,1,0,1,0,0,0,0,0,0
TE,0,0,0,5,0,0,0,0,2,0,0,0,0,2,0,0,0,0,0,0,1,0,0,0,0,0,0
UE,0,1,1,19,0,0,0,0,11,0,0,0,0,4,0,0,0,1,0,0,1,0,0,0,0,0,0
VE,0,0,0,19,0,0,0,0,12,0,0,0,0,4,0,0,0,1,0,0,1,0,1,0,0,0,0
WE,0,0,0,17,1,0,0,0,10,0,0,0,0,2,0,0,0,1,0,0,1,0,0,0,0,1,1
XE,0,0,0,8,0,0,0,0,3,0,0,0,0,4,0,0,0,0,0,0,1,0,0,0,0,0,0
YE,0,1,0,13,0,0,0,0,5,0,0,0,0,4,0,0,1,1,0,0,1,0,0,0,0,0,0
ZE,0,0,0,16,0,0,0,0,9,0,0,0,0,4,0,0,1,1,0,0,1,0,0,0,0,0,0
AF,0,0,0,17,0,0,0,0,9,0,0,0,0,4,0,0,0,1,1,0,1,0,0,0,0,0,1
BF,0,0,0,13,0,1,0,0,5,0,0,0,0,4,0,0,0,1,0,0,1,0,0,0,0,0,1
CF,0,0,0,27,0,0,0,0,20,0,0,0,0,3,0,0,1,1,0,0,1,0,0,0,0,0,1
DF,0,0,0,5,0,0,0,0,2,0,0,0,0,2,0,0,0,0,0,0,1,0,0,0,0,0,0
EF,0,0,0,14,0,0,0,0,7,0,0,0,0,4,0,0,0,1,1,0,1,0,0,0,0,0,0
FF,0,0,0,8,0,0,0,0,3,0,0,0,0,4,0,0,0,0,0,0,1,0,0,0,0,0,0
GF,0,0,0,59,0,0,0,1,50,0,0,0,0,4,0,0,0,1,0,0,1,0,1,0,0,0,1
HF,0,0,0,13,0,0,0,0,5,0,0,0,0,4,1,0,0,1,0,0,1,1,0,0,0,0,0
IF,0,0,1,17,0,0,0,0,10,0,0,0,0,4,0,0,0,1,0,0,1,0,0,0,0,0,0
JF,0,0,0,8,0,0,0,0,3,0,0,0,0,4,0,0,0,0,0,0,1,0,0,0,0,0,0
KF,0,1,0,15,0,0,0,0,7,0,0,0,0,4,0,0,0,1,1,0,1,0,0,0,0,0,0
LF,0,0,0,5,0,0,0,0,2,0,0,0,0,2,0,0,0,0,0,0,1,0,0,0,0,0,0
MF,0,0,0,3,0,0,0,0,0,0,0,0,0,2,0,0,0,0,0,0,1,0,0,0,0,0,0
NF,0,1,0,28,0,0,0,0,20,0,0,0,0,4,1,0,0,1,0,0,1,0,0,0,0,0,0
OF,0,0,0,3,0,0,0,0,0,0,0,0,0,2,0,0,0,0,0,0,1,0,0,0,0,0,0
PF,0,1,0,15,0,0,0,0,7,0,0,0,0,4,0,0,0,1,0,0,1,1,0,0,0,0,0
QF,0,1,0,16,0,0,0,0,7,0,0,0,0,4,0,0,0,1,0,0,1,0,0,0,0,1,1
RF,0,1,0,9,0,0,0,0,3,0,0,0,0,4,0,0,0,0,0,0,1,0,0,0,0,0,0
SF,0,0,0,12,0,0,0,0,3,0,0,0,0,4,0,0,1,1,1,0,1,0,0,0,0,0,1
TF,0,0,0,16,0,0,0,0,11,0,0,0,0,2,0,0,0,1,0,0,1,0,0,0,1,0,0
UF,0,0,0,29,0,0,0,0,20,0,1,0,0,4,0,0,1,1,0,0,1,0,1,0,0,0,0
VF,0,0,0,13,0,0,0,0,5,0,0,0,0,4,0,0,1,1,1,0,1,0,0,0,0,0,0
WF,0,0,0,21,0,0,0,1,11,0,0,0,0,4,0,0,2,1,0,0,1,0,0,0,0,0,1
XF,0,0,0,12,0,1,0,0,4,0,0,0,0,4,0,1,0,1,0,0,1,0,0,0,0,0,0
YF,0,0,0,29,0,0,1,0,20,0,0,0,0,4,0,0,0,1,1,0,1,0,1,0,0,0,0
ZF,0,0,0,14,0,0,0,0,6,0,0,0,0,4,0,0,0,1,1,0,1,0,0,0,1,0,0
AG,0,0,0,5,0,0,0,0,2,0,0,0,0,2,0,0,0,0,0,0,1,0,0,0,0,0,0
BG,0,0,0,10,0,0,0,0,4,1,0,0,1,2,0,0,0,1,0,0,1,0,0,0,0,0,0
CG,0,0,0,15,0,0,0,0,8,0,0,0,0,4,0,0,0,1,0,0,1,1,0,0,0,0,0
DG,0,0,0,12,0,0,0,0,5,0,0,0,0,4,0,0,0,1,0,0,1,1,0,0,0,0,0
EG,0,0,0,5,0,0,0,0,2,0,0,0,0,2,0,0,0,0,0,0,1,0,0,0,0,0,0
FG,0,0,0,11,0,0,0,0,4,0,0,0,0,4,0,0,1,1,0,0,1,0,0,0,0,0,0
GG,0,0,0,18,0,0,0,0,12,0,0,0,0,2,1,0,0,1,0,0,1,0,0,0,0,0,1
HG,0,1,0,15,0,0,0,0,7,0,0,0,0,3,0,0,1,1,0,0,1,0,0,0,0,0,1
IG,0,0,0,18,0,0,0,0,13,0,0,0,0,2,0,0,0,1,0,0,1,0,0,0,1,0,0
JG,0,0,0,13,0,0,0,0,6,0,0,0,0,4,0,0,0,1,0,0,1,1,0,0,0,0,0
KG,0,0,0,16,0,0,0,0,9,0,0,0,0,4,0,0,0,1,0,0,1,1,0,0,0,0,0
LG,0,0,0,41,1,0,0,0,31,0,1,0,0,4,0,0,0,1,0,0,1,1,0,0,0,0,1
MG,0,0,0,6,0,0,0,0,3,0,0,0,0,2,0,0,0,0,0,0,1,0,0,0,0,0,0
NG,0,0,0,6,0,0,0,0,3,0,0,0,0,2,0,0,0,0,0,0,1,0,0,0,0,0,0
OG,0,1,0,9,0,0,0,0,3,0,0,0,0,2,0,0,1,1,0,0,1,0,0,0,0,0,0
PG,0,0,0,13,0,0,0,0,5,0,0,0,0,4,0,0,0,1,1,0,1,0,0,0,0,0,1
QG,0,0,0,13,0,0,0,0,5,0,0,0,0,4,0,0,1,1,0,0,1,0,0,0,0,0,1
RG,0,0,0,33,0,0,0,0,27,0,0,0,0,2,0,0,0,1,1,0,1,0,0,0,0,0,1
SG,0,0,0,5,0,0,0,0,2,0,0,0,0,2,0,0,0,0,0,0,1,0,0,0,0,0,0
TG,0,0,0,11,0,1,0,0,5,0,0,0,0,3,0,0,0,1,0,0,1,0,0,0,0,0,0
UG,0,0,0,8,0,0,0,0,3,0,0,0,0,4,0,0,0,0,0,0,1,0,0,0,0,0,0
VG,0,0,0,16,0,0,0,0,10,0,0,0,0,2,0,0,1,1,0,0,1,0,0,0,0,0,1
WG,0,0,0,14,0,0,0,0,7,0,0,0,0,4,1,0,0,1,0,0,1,0,0,0,0,0,0
XG,0,0,0,8,0,0,0,0,3,0,0,0,0,4,0,0,0,0,0,0,1,0,0,0,0,0,0
YG,0,1,0,29,0,0,0,0,21,0,1,0,0,4,0,0,0,1,0,0,1,0,0,0,0,0,0
ZG,0,0,0,10,0,0,0,0,3,0,0,0,0,4,0,0,1,1,0,0,1,0,0,0,0,0,0
AH,0,0,0,11,0,0,0,0,5,0,0,0,0,3,0,0,0,1,0,0,1,1,0,0,0,0,0
BH,0,0,0,20,0,0,0,1,11,0,0,0,1,4,0,0,0,1,0,0,1,0,0,0,0,1,0
CH,0,0,0,9,0,0,0,0,3,0,0,0,0,3,1,0,0,1,0,0,1,0,0,0,0,0,0
DH,0,0,0,15,0,0,0,0,7,0,0,0,0,4,0,0,0,1,1,0,1,0,0,0,0,0,1
EH,0,0,0,10,0,0,0,0,3,0,0,0,0,4,0,0,0,1,0,0,1,1,0,0,0,0,0
FH,0,0,0,13,0,0,0,0,6,0,0,0,0,3,0,0,0,1,1,0,1,0,0,0,0,0,1
GH,0,0,0,8,0,0,0,0,3,0,0,0,0,4,0,0,0,0,0,0,1,0,0,0,0,0,0
HH,0,0,0,12,0,1,0,0,5,0,0,0,0,4,0,0,0,1,0,0,1,0,0,0,0,0,0
IH,0,0,0,17,0,0,0,0,7,0,0,0,0,4,0,0,1,1,0,0,1,2,0,0,0,0,1
JH,0,1,0,12,0,0,0,0,3,0,0,0,0,4,0,0,1,1,0,0,1,0,0,0,0,0,1
KH,0,0,0,12,0,0,0,0,5,0,0,0,0,4,1,0,0,1,0,0,1,0,0,0,0,0,0
LH,0,0,1,17,0,0,0,0,12,0,0,0,0,2,0,0,0,1,0,0,1,0,0,0,0,0,0
MH,0,0,0,5,0,0,0,0,2,0,0,0,0,2,0,0,0,0,0,0,1,0,0,0,0,0,0
NH,0,0,0,13,0,0,0,0,5,0,0,0,0,4,0,0,1,1,0,0,1,0,0,0,0,0,1
OH,0,1,0,16,0,0,0,0,7,0,0,0,0,4,0,0,0,1,1,0,1,0,0,0,0,0,1
PH,0,0,0,8,0,0,0,0,3,0,0,0,0,4,0,0,0,0,0,0,1,0,0,0,0,0,0
QH,0,0,0,23,0,0,0,0,18,0,0,0,0,2,0,0,0,1,0,0,1,0,1,0,0,0,0
RH,0,0,0,5,0,0,0,0,2,0,0,0,0,2,0,0,0,0,0,0,1,0,0,0,0,0,0
SH,0,0,0,12,0,0,0,0,5,0,0,0,0,3,0,0,0,1,0,0,1,1,0,0,0,0,1
TH,0,0,0,13,0,0,0,0,6,0,0,0,0,4,0,0,0,1,1,0,1,0,0,0,0,0,0
UH,0,0,0,3,0,0,0,0,0,0,0,0,0,2,0,0,0,0,0,0,1,0,0,0,0,0,0
VH,0,0,0,5,0,0,0,0,2,0,0,0,0,2,0,0,0,0,0,0,1,0,0,0,0,0,0
WH,0,0,0,5,0,0,0,0,2,0,0,0,0,2,0,0,0,0,0,0,1,0,0,0,0,0,0
XH,0,0,0,22,0,0,0,0,14,0,0,0,1,4,0,0,0,1,0,0,1,1,0,0,0,0,0
YH,0,0,0,7,0,0,0,0,2,0,0,0,0,2,0,0,0,1,0,0,1,0,0,0,0,1,0
ZH,0,0,0,13,0,0,0,0,5,0,0,0,1,4,0,0,0,1,1,0,1,0,0,0,0,0,0
AI,0,0,0,15,0,0,0,0,7,0,0,0,0,4,0,0,0,1,0,0,1,1,0,0,0,0,1
BI,0,0,0,10,0,0,0,0,3,0,0,0,2,3,0,0,0,1,0,0,1,0,0,0,0,0,0
CI,0,0,0,13,0,0,0,0,5,0,0,0,0,4,0,0,0,1,1,0,1,0,0,0,0,1,0
DI,0,0,0,12,0,0,0,0,5,0,0,0,0,4,0,0,0,1,1,0,1,0,0,0,0,0,0
EI,0,1,0,14,0,0,0,0,6,0,0,0,0,3,0,0,0,1,1,0,1,0,0,0,0,0,1
FI,0,0,0,8,0,0,0,0,3,0,0,0,0,4,0,0,0,0,0,0,1,0,0,0,0,0,0
GI,0,0,0,12,0,0,0,0,5,0,0,0,0,3,0,1,0,1,1,0,1,0,0,0,0,0,0
HI,0,0,0,9,0,0,0,0,3,0,0,0,0,2,0,0,0,1,1,0,1,0,0,0,0,0,1
II,0,0,0,13,0,0,0,0,5,0,0,0,0,4,0,0,0,1,1,0,1,0,0,0,0,0,1
JI,0,0,0,8,0,0,0,0,3,0,0,0,0,4,0,0,0,0,0,0,1,0,0,0,0,0,0
KI,0,0,0,16,0,0,1,0,7,0,0,0,0,4,0,0,1,1,0,0,1,0,0,0,0,0,1
LI,0,0,0,14,0,0,0,0,5,0,0,0,0,4,1,0,1,1,0,0,1,0,0,0,0,0,1
MI,0,0,0,8,0,0,0,0,3,0,0,0,0,4,0,0,0,0,0,0,1,0,0,0,0,0,0
NI,0,0,0,15,0,0,0,0,7,0,0,0,0,4,0,0,0,1,1,0,1,0,0,0,0,0,1
OI,0,0,0,6,0,0,0,0,3,0,0,0,0,2,0,0,0,0,0,0,1,0,0,0,0,0,0
PI,0,0,0,11,0,0,0,0,4,0,0,0,0,4,0,0,0,1,1,0,1,0,0,0,0,0,0
QI,0,0,0,9,0,1,0,0,3,0,0,0,0,2,0,0,1,1,0,0,1,0,0,0,0,0,0
RI,0,0,0,16,0,0,0,0,7,0,0,0,1,4,0,0,0,1,1,0,1,0,0,0,0,0,1
SI,0,0,0,18,0,1,0,0,10,0,0,0,0,4,0,1,0,1,0,0,1,0,0,0,0,0,0
TI,0,0,1,21,0,0,0,0,15,0,0,0,0,2,0,0,0,1,1,0,1,0,0,0,0,0,0
UI,0,0,0,14,0,0,0,0,7,0,0,0,0,4,0,0,0,1,0,1,1,0,0,0,0,0,0
VI,0,1,0,18,0,0,0,0,9,0,0,0,0,4,0,0,0,1,1,0,1,0,0,0,0,0,1
WI,0,0,0,9,0,0,0,0,3,0,0,0,1,2,0,0,0,1,0,0,1,0,0,0,0,0,1
XI,0,0,0,39,1,0,0,0,27,0,0,0,0,4,1,0,0,1,2,0,1,0,1,0,0,0,1
YI,0,0,0,14,0,0,0,0,7,0,0,0,0,4,0,0,0,1,1,0,1,0,0,0,0,0,0
ZI,0,0,0,18,0,0,0,0,10,1,0,0,1,4,0,0,0,1,0,0,1,0,0,0,0,0,0
AJ,0,0,0,25,0,0,0,0,17,0,0,0,0,4,1,0,0,1,0,0,1,1,0,0,0,0,0
BJ,0,0,0,21,0,0,0,0,13,0,0,0,0,4,0,0,1,1,0,0,1,0,1,0,0,0,0
CJ,0,0,0,25,0,0,0,0,15,0,1,0,0,4,0,0,0,1,2,0,1,1,0,0,0,0,0
DJ,0,0,0,23,0,0,0,0,14,0,0,0,0,4,0,0,0,1,0,0,1,1,1,0,0,0,1
EJ,0,0,0,11,0,0,0,0,5,0,0,0,0,3,0,0,1,1,0,0,1,0,0,0,0,0,0
FJ,0,0,0,13,0,0,0,1,5,0,0,0,0,4,0,0,0,1,0,0,1,0,0,0,0,0,1
GJ,0,0,0,21,0,0,0,0,12,0,0,0,0,4,0,0,0,1,1,0,1,0,1,0,0,0,1
HJ,0,0,0,15,0,0,0,0,8,0,0,0,0,4,1,0,0,1,0,0,1,0,0,0,0,0,0
IJ,0,0,0,16,0,0,0,0,7,0,1,0,0,4,0,0,0,1,0,0,1,1,0,0,0,1,0
JJ,0,0,1,12,0,0,0,0,5,0,0,0,0,4,0,0,0,1,0,0,1,0,0,0,0,0,0
KJ,0,0,0,10,0,0,0,0,4,0,0,0,0,3,0,0,0,1,0,0,1,1,0,0,0,0,0
LJ,0,0,0,31,1,0,0,0,20,0,0,0,2,4,1,0,0,1,1,0,1,0,0,0,0,0,0
MJ,0,0,0,13,0,0,0,1,5,0,0,0,0,4,0,0,0,1,0,0,1,0,0,0,0,1,0
NJ,0,1,0,14,0,0,0,0,5,0,0,0,0,4,0,0,0,1,1,0,1,0,0,0,0,0,1
OJ,0,0,0,23,0,0,0,0,16,0,0,0,0,3,0,0,1,1,0,0,1,0,1,0,0,0,0
PJ,0,0,0,19,0,0,0,0,12,0,0,0,0,4,0,0,1,1,0,0,1,0,0,0,0,0,0
QJ,0,0,0,14,0,1,0,0,7,0,0,0,0,4,0,0,0,1,0,0,1,0,0,0,0,0,0
RJ,0,0,0,7,0,0,0,0,3,0,0,0,0,3,0,0,0,0,0,0,1,0,0,0,0,0,0
SJ,0,0,0,16,0,0,1,0,8,0,0,0,0,4,0,0,0,1,0,0,1,0,0,0,0,0,1
TJ,0,0,0,15,0,0,0,0,7,0,1,0,0,4,0,0,0,1,0,0,1,0,0,0,0,0,1
UJ,0,0,0,16,0,0,0,0,8,0,0,0,0,4,1,0,0,1,0,0,1,0,0,0,0,0,1
VJ,0,0,0,13,0,0,0,0,5,0,0,0,1,4,0,0,1,1,0,0,1,0,0,0,0,0,0
XJ,0,0,0,13,0,0,0,0,5,0,0,0,0,4,0,0,0,1,0,0,1,1,0,0,0,0,1
YJ,0,1,0,12,0,0,0,1,6,0,0,0,0,2,0,0,0,1,0,0,1,0,0,0,0,0,0
ZJ,0,0,0,16,0,0,0,0,8,0,0,0,0,4,0,0,0,1,1,0,1,0,0,0,1,0,0
AK,0,0,0,11,0,0,0,0,5,0,0,0,0,4,0,0,1,0,0,0,1,0,0,0,0,0,0
BK,0,0,0,13,0,1,0,0,5,0,0,0,0,4,0,0,0,1,0,0,1,0,0,0,0,0,1
CK,0,0,0,5,0,0,0,0,2,0,0,0,0,2,0,0,0,0,0,0,1,0,0,0,0,0,0
DK,0,0,0,13,0,0,0,0,5,0,0,0,0,4,0,0,0,1,0,1,1,0,0,0,0,0,1
EK,0,0,0,20,1,0,0,0,12,0,0,0,0,4,0,0,1,1,0,0,1,0,0,0,0,0,0
FK,0,0,0,17,0,0,0,0,10,0,0,0,0,4,0,0,1,1,0,0,1,0,0,0,0,0,0
GK,0,0,0,88,1,0,0,0,78,0,0,0,0,4,0,0,0,1,0,0,1,2,1,0,0,0,0
HK,0,0,0,10,0,0,0,0,3,0,0,0,0,4,0,0,0,1,0,0,1,0,0,0,1,0,0
IK,0,0,0,6,0,0,0,0,3,0,0,0,0,0,0,0,0,0,0,0,1,0,0,2,0,0,0
JK,0,0,0,31,0,0,0,0,23,0,0,0,0,4,0,0,1,1,0,0,1,0,1,0,0,0,0
KK,0,0,1,14,0,0,0,0,7,0,0,0,0,4,0,0,0,1,0,0,1,0,0,0,0,0,0
LK,0,0,0,12,0,0,0,0,5,0,0,0,0,4,0,0,0,1,1,0,1,0,0,0,0,0,0
MK,0,0,0,27,1,0,0,0,18,0,0,0,0,4,0,0,1,1,0,0,1,0,0,0,0,0,1
NK,0,0,0,18,0,0,0,0,11,0,0,0,0,4,1,0,0,1,0,0,1,0,0,0,0,0,0
OK,0,0,0,19,0,0,0,0,11,0,0,0,0,4,0,0,0,1,0,0,1,1,0,0,0,0,1
PK,0,0,0,23,0,0,0,0,15,0,0,0,0,4,0,0,1,1,0,0,1,0,0,0,0,0,1
QK,0,0,0,16,0,0,0,0,10,0,0,0,0,3,0,0,1,1,0,0,1,0,0,0,0,0,0
RK,0,0,0,15,0,1,0,0,8,0,0,0,0,0,0,0,0,1,0,0,1,0,0,4,0,0,0
SK,0,0,0,32,0,0,0,0,23,0,0,0,0,4,0,0,0,1,2,0,1,0,0,0,0,0,1
TK,0,0,0,5,0,0,0,0,2,0,0,0,0,2,0,0,0,0,0,0,1,0,0,0,0,0,0
UK,0,1,0,18,0,0,0,0,11,0,0,0,0,2,0,0,0,1,0,0,1,1,0,0,0,0,1
VK,0,0,0,20,0,0,0,0,11,0,0,0,0,4,0,0,1,1,2,0,1,0,0,0,0,0,0
WK,0,0,0,8,0,0,0,0,2,0,0,0,0,3,0,0,1,1,0,0,1,0,0,0,0,0,0
XK,0,0,0,6,0,0,0,0,3,0,0,0,0,0,0,0,0,0,0,0,1,0,0,2,0,0,0
YK,0,0,0,17,0,0,0,0,9,0,0,0,0,4,0,0,0,1,0,0,1,0,0,0,0,1,1
ZK,0,1,0,11,0,0,0,0,4,0,0,0,0,4,0,0,0,1,0,0,1,0,0,0,0,0,0
AL,0,0,0,19,0,0,1,0,10,0,0,0,0,4,0,0,0,1,0,0,1,1,0,0,0,0,1
BL,0,2,0,11,0,0,0,0,3,0,0,0,0,3,0,0,1,1,0,0,1,0,0,0,0,0,0
CL,0,0,0,4,0,0,0,0,1,0,0,0,0,2,0,0,0,0,0,0,1,0,0,0,0,0,0
DL,0,0,0,11,0,0,0,0,4,0,0,0,0,4,0,0,0,1,0,0,1,1,0,0,0,0,0
EL,0,0,0,14,0,0,1,0,6,0,0,0,0,4,0,0,0,1,1,0,1,0,0,0,0,0,0
FL,0,0,0,9,0,0,0,0,3,0,0,0,0,4,1,0,0,0,0,0,1,0,0,0,0,0,0
GL,0,0,0,15,0,1,0,0,7,0,0,0,0,3,0,0,0,1,0,1,1,0,0,0,0,0,1
HL,0,0,0,15,0,0,0,0,7,0,0,0,0,4,0,0,1,1,0,0,1,0,0,0,0,0,1
IL,0,0,0,13,0,0,0,0,6,0,0,0,0,4,0,0,0,1,1,0,1,0,0,0,0,0,0
JL,0,1,0,10,0,0,0,0,3,0,0,0,0,4,0,0,0,1,0,0,1,0,0,0,0,0,0
KL,0,0,0,5,0,0,0,0,2,0,0,0,0,2,0,0,0,0,0,0,1,0,0,0,0,0,0
LL,0,0,0,22,0,0,0,0,15,0,0,0,0,4,0,0,0,1,0,0,1,0,0,0,0,1,0
ML,0,0,0,29,0,0,0,0,19,0,0,0,0,4,0,0,2,1,0,0,1,0,1,0,0,0,1
NL,0,0,0,6,0,0,0,0,3,0,0,0,0,2,0,0,0,0,0,0,1,0,0,0,0,0,0
OL,0,0,0,12,0,1,0,0,6,0,0,0,0,0,0,0,0,1,0,0,1,0,0,2,0,0,1
PL,0,0,0,6,0,0,0,0,3,0,0,0,0,0,0,0,0,0,0,0,1,0,0,2,0,0,0
QL,0,0,0,6,0,0,0,0,3,0,0,0,0,2,0,0,0,0,0,0,1,0,0,0,0,0,0
RL,0,0,0,7,0,1,0,0,2,0,0,0,0,0,0,0,0,1,0,0,1,0,0,2,0,0,0
SL,0,1,0,16,0,0,0,0,7,0,0,0,0,4,0,0,1,1,0,0,1,0,0,0,0,0,1
TL,0,1,0,17,0,0,0,1,9,0,0,0,0,4,0,0,0,1,0,0,1,0,0,0,0,0,0
UL,0,0,0,7,0,0,0,0,3,0,0,0,0,0,0,0,0,0,0,0,1,0,0,3,0,0,0
VL,0,0,0,14,0,0,0,0,7,0,0,0,0,4,0,0,1,1,0,0,1,0,0,0,0,0,0
WL,0,0,0,9,0,0,0,0,4,0,0,0,0,2,0,0,0,1,1,0,1,0,0,0,0,0,0
XL,0,0,0,14,0,0,0,0,6,0,0,0,0,4,0,0,0,1,1,0,1,0,0,0,0,0,1
YL,0,0,0,18,0,0,0,0,10,0,0,0,0,4,0,0,1,1,0,0,1,0,0,0,0,0,1
ZL,0,0,0,13,0,0,0,0,5,0,0,0,0,4,0,0,1,1,0,0,1,0,0,0,0,0,1
AM,0,0,0,5,0,0,0,0,2,0,0,0,0,2,0,0,0,0,0,0,1,0,0,0,0,0,0
BM,0,0,0,9,0,0,0,0,2,0,0,0,0,4,0,0,1,1,0,0,1,0,0,0,0,0,0
CM,0,1,0,15,0,0,0,0,8,0,0,0,0,3,0,0,0,1,1,0,1,0,0,0,0,0,0
DM,0,0,0,8,0,0,0,0,3,0,0,0,0,4,0,0,0,0,0,0,1,0,0,0,0,0,0
EM,0,0,0,29,0,0,0,0,20,0,0,0,0,4,1,0,0,1,0,0,1,0,1,0,0,0,1
FM,0,0,0,16,0,1,0,0,9,0,0,0,0,0,0,0,0,1,0,0,1,0,0,4,0,0,0
GM,0,1,1,13,0,0,0,0,5,0,0,0,0,4,0,0,0,1,0,0,1,0,0,0,0,0,0
HM,0,1,0,15,0,0,0,0,9,0,0,0,0,2,0,0,1,1,0,0,1,0,0,0,0,0,0
IM,0,0,0,37,0,0,0,0,29,0,0,0,0,4,0,0,0,1,1,0,1,0,1,0,0,0,0
JM,0,0,0,13,0,0,0,0,7,1,0,0,1,2,0,0,0,1,0,0,1,0,0,0,0,0,0
KM,0,0,0,170,1,0,0,2,159,0,0,0,0,4,0,0,0,1,0,0,1,0,1,0,0,0,1
LM,0,0,0,35,1,0,0,0,27,0,0,0,0,4,0,0,0,1,0,0,1,0,0,0,1,0,0
MM,0,0,0,20,0,0,0,1,15,0,0,0,0,2,0,0,0,1,0,0,1,0,0,0,0,0,0
NM,0,1,0,15,0,1,0,0,6,0,0,0,0,4,0,0,0,1,0,0,1,0,0,0,0,0,1
OM,0,1,0,19,0,0,0,0,10,0,0,0,0,4,0,0,0,1,0,0,1,1,0,0,0,0,1
PM,0,0,0,8,0,0,0,0,3,0,0,0,0,0,0,0,0,0,0,0,1,0,0,4,0,0,0
QM,0,0,0,12,0,0,0,0,5,0,0,0,0,4,0,0,0,1,0,0,1,1,0,0,0,0,0
RM,0,0,0,7,0,0,1,0,2,0,0,0,0,2,0,0,0,1,0,0,1,0,0,0,0,0,0
SM,0,0,0,40,2,0,0,0,30,0,0,0,0,4,1,0,0,1,0,0,1,0,0,0,0,0,1
TM,0,0,0,7,0,0,0,0,2,0,0,0,0,4,0,0,0,0,0,0,1,0,0,0,0,0,0
UM,0,0,0,9,0,0,0,0,4,0,0,0,0,4,0,0,0,0,0,0,1,0,0,0,0,0,0
VM,0,0,0,15,0,0,0,0,8,0,0,0,0,4,0,0,0,1,0,0,1,0,0,0,1,0,0
WM,0,0,0,16,0,0,0,0,8,0,0,0,0,4,0,0,1,1,0,0,1,0,0,0,0,0,1
XM,0,0,0,18,0,0,0,0,9,0,0,0,0,4,1,0,1,1,0,0,1,0,0,0,0,0,1
YM,0,0,0,13,0,0,0,0,5,0,0,0,0,4,0,0,0,1,1,0,1,0,0,0,0,0,1
ZM,0,0,0,28,0,0,0,0,20,0,0,0,0,4,0,0,1,1,1,0,1,0,0,0,0,0,0
AN,0,0,0,8,0,0,0,0,3,0,0,0,0,4,0,0,0,0,0,0,1,0,0,0,0,0,0
BN,0,0,0,26,0,0,0,0,19,0,0,0,0,4,0,0,1,1,0,0,1,0,0,0,0,0,0
CN,1,0,0,11,0,0,0,0,3,0,0,0,0,4,0,0,0,1,1,0,1,0,0,0,0,0,0
DN,0,0,0,5,0,0,0,0,2,0,0,0,0,2,0,0,0,0,0,0,1,0,0,0,0,0,0
EN,0,0,0,8,0,0,0,0,3,0,0,0,0,4,0,0,0,0,0,0,1,0,0,0,0,0,0
FN,0,0,0,23,0,1,0,0,15,0,0,0,0,4,0,1,0,1,0,0,1,0,0,0,0,0,0
GN,0,1,0,41,0,0,0,2,29,0,0,0,0,4,0,0,0,1,1,0,1,0,1,0,0,0,1
HN,0,1,0,18,0,0,0,0,9,0,0,0,0,4,0,0,1,1,0,0,1,0,0,0,0,0,1
IN,0,0,1,11,0,0,0,0,5,0,0,0,0,4,0,0,0,0,0,0,1,0,0,0,0,0,0
JN,0,0,0,12,0,0,0,0,5,0,0,0,0,4,0,0,1,1,0,0,1,0,0,0,0,0,0
KN,0,1,1,14,0,0,0,0,5,0,1,0,0,4,0,0,0,1,0,0,1,0,0,0,0,0,0
LN,0,0,0,15,0,1,0,0,7,0,0,0,0,4,0,0,0,1,0,0,1,0,0,0,0,0,1
MN,0,0,0,33,0,0,0,0,24,1,0,0,0,2,0,0,0,1,1,0,1,0,1,0,1,0,1
NN,0,0,0,13,0,0,0,0,6,0,0,0,0,4,0,0,0,1,0,0,1,0,0,0,1,0,0
ON,0,1,0,15,0,0,0,0,7,0,0,0,0,4,0,0,1,1,0,0,1,0,0,0,0,0,0
PN,0,0,0,6,0,0,0,0,3,0,0,0,0,0,0,0,0,0,0,0,1,0,0,2,0,0,0
QN,0,0,0,16,0,1,0,0,8,0,0,0,0,4,0,1,0,1,0,0,1,0,0,0,0,0,0
RN,0,0,0,20,0,0,0,0,13,0,0,0,0,4,0,0,1,1,0,0,1,0,0,0,0,0,0
SN,0,0,0,8,0,0,0,0,3,0,0,0,0,4,0,0,0,0,0,0,1,0,0,0,0,0,0
TN,0,0,0,27,0,0,1,0,16,0,0,0,0,4,1,0,0,1,0,0,1,0,1,0,2,0,0
UN,0,0,0,5,0,0,0,0,2,0,0,0,0,2,0,0,0,0,0,0,1,0,0,0,0,0,0
VN,0,0,0,28,1,0,0,0,18,0,0,0,0,4,0,0,0,1,0,0,1,0,0,0,0,2,1
WN,0,0,0,23,0,0,0,0,15,0,0,0,0,4,0,0,1,1,0,0,1,0,0,0,0,0,1
XN,0,0,0,16,0,0,0,0,7,1,0,0,0,4,0,0,0,1,1,0,1,0,0,0,0,0,1
YN,0,0,0,7,0,0,0,0,4,0,0,0,0,2,0,0,0,0,0,0,1,0,0,0,0,0,0
ZN,0,0,0,5,0,0,0,0,2,0,0,0,0,2,0,0,0,0,0,0,1,0,0,0,0,0,0
AO,0,0,0,7,0,0,1,0,1,0,0,0,0,2,0,0,0,1,0,0,1,0,0,0,0,0,1
BO,0,0,0,6,0,0,0,0,3,0,0,0,0,2,0,0,0,0,0,0,1,0,0,0,0,0,0
CO,0,0,0,8,0,1,0,0,2,0,0,0,0,0,0,0,0,1,0,0,1,0,0,3,0,0,0
DO,0,0,0,16,0,0,0,0,7,0,0,0,0,4,0,0,1,1,1,0,1,0,0,0,0,0,1
EO,0,0,0,15,0,0,0,0,7,0,0,0,0,4,0,0,0,1,0,0,1,1,0,0,0,0,1
FO,0,0,0,28,0,0,0,0,19,0,0,0,1,4,0,0,1,1,0,0,1,0,1,0,0,0,0
GO,0,0,0,20,1,0,0,0,11,0,0,0,0,4,1,0,1,1,0,0,1,0,0,0,0,0,0
HO,0,0,0,25,0,0,0,0,18,0,0,0,0,4,1,0,0,1,0,0,1,0,0,0,0,0,0
IO,0,1,0,17,0,0,0,0,8,0,0,0,0,4,1,0,0,1,0,0,1,0,0,0,0,0,1
JO,0,1,0,12,0,1,0,0,3,0,0,0,0,4,0,0,0,1,0,0,1,0,0,0,0,0,1
KO,0,0,0,16,0,1,0,0,8,0,0,0,0,4,0,0,0,1,0,0,1,0,0,0,0,0,1
LO,0,0,0,8,0,0,0,0,3,0,0,0,0,4,0,0,0,0,0,0,1,0,0,0,0,0,0
MO,0,0,0,10,0,0,0,0,3,0,0,0,0,4,0,0,0,1,0,0,1,1,0,0,0,0,0
NO,0,1,0,13,0,0,0,0,5,0,0,0,0,4,0,0,1,1,0,0,1,0,0,0,0,0,0
OO,0,0,0,11,0,0,0,0,5,0,0,0,0,3,1,0,0,1,0,0,1,0,0,0,0,0,0
PO,0,0,0,13,0,0,0,0,7,0,0,0,0,3,1,0,0,1,0,0,1,0,0,0,0,0,0
QO,0,1,0,13,0,0,0,0,5,0,0,0,0,4,0,0,0,1,0,0,1,0,0,0,0,0,1
RO,0,0,0,17,0,0,0,0,11,0,0,0,0,4,0,0,0,0,0,0,1,0,1,0,0,0,0
SO,0,0,0,16,0,0,0,0,8,0,0,0,0,4,0,0,1,1,0,0,1,0,0,0,0,0,1
TO,0,0,0,34,1,0,0,0,25,0,0,0,0,4,0,0,0,1,1,0,1,0,0,0,0,0,1
UO,0,0,0,7,0,0,0,0,3,0,0,0,1,2,0,0,0,0,0,0,1,0,0,0,0,0,0
VO,0,0,0,22,0,0,0,0,14,0,0,0,0,4,0,0,1,1,0,0,1,0,0,0,0,0,1
WO,0,0,1,18,0,0,0,0,10,0,0,0,0,4,0,0,0,1,0,0,1,0,0,0,0,0,1
XO,0,0,0,9,0,0,0,1,3,0,0,0,0,3,0,0,0,1,0,0,1,0,0,0,0,0,0
YO,0,1,0,27,0,0,0,1,19,0,0,0,0,4,0,0,0,1,0,0,1,0,0,0,0,0,0
ZO,0,0,0,12,0,0,0,0,5,0,0,0,0,4,0,0,1,1,0,0,1,0,0,0,0,0,0
AP,0,1,0,11,0,0,0,0,5,0,0,0,0,4,0,0,0,0,0,0,1,0,0,0,0,0,0
BP,0,0,0,22,0,0,0,2,15,0,0,0,0,0,0,0,0,1,0,0,1,0,1,2,0,0,0
CP,0,1,1,15,0,0,0,0,7,0,0,0,0,4,0,0,0,1,0,0,1,0,0,0,0,0,0
DP,0,0,0,14,0,0,0,0,7,0,0,0,0,4,0,0,0,1,0,0,1,1,0,0,0,0,0
EP,0,0,0,8,0,0,0,0,3,0,0,0,0,4,0,0,0,0,0,0,1,0,0,0,0,0,0
FP,0,0,0,6,0,0,0,0,2,0,0,0,0,3,0,0,0,0,0,0,1,0,0,0,0,0,0
GP,0,0,0,10,0,0,0,0,3,0,0,0,0,4,0,0,1,1,0,0,1,0,0,0,0,0,0
HP,0,0,0,11,0,0,0,0,5,0,0,0,1,2,0,0,0,1,1,0,1,0,0,0,0,0,0
IP,0,0,0,16,0,1,0,0,7,0,0,0,0,4,0,1,0,1,0,0,1,0,0,0,0,0,1
JP,0,0,0,5,0,0,0,0,2,0,0,0,0,2,0,0,0,0,0,0,1,0,0,0,0,0,0
KP,0,0,0,10,0,0,0,0,3,0,0,0,1,4,0,0,0,1,0,0,1,0,0,0,0,0,0
LP,0,0,0,19,0,0,0,0,12,0,0,0,0,4,0,0,0,1,1,0,1,0,0,0,0,0,0
MP,0,0,0,22,0,0,0,0,14,0,0,0,0,4,0,0,0,1,1,0,1,0,0,0,0,0,1
NP,0,0,0,16,0,0,0,0,8,0,0,0,0,4,0,0,1,1,0,0,1,0,0,0,0,0,1
OP,0,0,0,8,0,0,0,0,3,0,0,0,0,4,0,0,0,0,0,0,1,0,0,0,0,0,0
PP,0,0,0,5,0,0,0,0,2,0,0,0,0,2,0,0,0,0,0,0,1,0,0,0,0,0,0
QP,0,1,0,17,0,0,0,0,9,0,0,0,0,4,0,0,1,1,0,0,1,0,0,0,0,0,0
RP,0,0,0,14,0,0,0,1,9,0,0,0,0,2,0,0,0,1,0,0,1,0,0,0,0,0,0
SP,0,0,0,3,0,0,0,0,0,0,0,0,0,2,0,0,0,0,0,0,1,0,0,0,0,0,0
TP,0,1,0,15,0,0,0,0,7,0,0,0,0,4,0,0,0,1,0,0,1,1,0,0,0,0,0
UP,0,1,0,11,0,0,0,0,3,0,0,0,0,4,1,0,0,1,0,0,1,0,0,0,0,0,0
VP,0,1,0,15,0,0,0,0,7,0,0,0,0,4,1,0,0,1,0,0,1,0,0,0,0,0,0
WP,0,0,0,16,1,0,0,0,8,0,0,0,0,4,0,0,1,1,0,0,1,0,0,0,0,0,0
XP,0,0,0,13,0,0,0,0,5,0,0,0,0,4,1,0,0,1,0,0,1,1,0,0,0,0,0
YP,0,0,0,30,0,0,0,1,21,0,0,0,2,4,0,0,0,1,0,0,1,0,0,0,0,0,0
ZP,0,0,0,12,0,0,0,0,5,0,0,0,0,4,0,0,0,1,1,0,1,0,0,0,0,0,0
AQ,0,0,0,14,0,0,0,0,7,0,0,0,0,4,0,0,0,1,1,0,1,0,0,0,0,0,0
BQ,0,0,0,12,0,0,0,0,5,0,0,0,0,4,0,0,0,1,0,0,1,1,0,0,0,0,0
CQ,0,1,0,13,0,0,0,0,5,0,0,0,0,4,0,0,0,1,1,0,1,0,0,0,0,0,0
DQ,0,0,0,8,0,0,0,0,3,0,0,0,0,4,0,0,0,0,0,0,1,0,0,0,0,0,0
EQ,0,0,0,30,0,0,0,0,21,0,0,0,0,4,0,0,2,1,0,0,1,0,0,0,0,0,1
FQ,0,0,0,8,0,0,0,0,3,0,1,0,0,2,0,0,0,1,0,0,1,0,0,0,0,0,0
GQ,0,0,0,10,0,0,0,0,4,0,0,0,0,3,0,0,1,1,0,0,1,0,0,0,0,0,0
HQ,0,1,0,13,0,0,0,0,5,0,0,0,0,4,0,0,0,1,1,0,1,0,0,0,0,0,0
IQ,0,0,0,13,0,0,0,0,5,0,0,0,0,0,0,0,0,1,0,0,1,0,0,4,0,1,1
JQ,0,0,0,18,0,0,0,0,11,0,0,0,0,4,0,0,1,1,0,0,1,0,0,0,0,0,0
KQ,0,0,0,11,0,0,0,0,5,0,0,0,1,2,0,0,0,1,0,0,1,0,0,0,0,0,1
LQ,0,0,0,21,0,1,0,0,12,0,0,0,0,4,0,0,0,1,0,1,1,0,0,0,0,0,1
MQ,0,1,0,16,0,0,0,0,8,0,0,0,0,3,0,0,1,1,0,0,1,0,0,0,0,0,1
NQ,0,0,0,5,0,0,0,0,2,0,0,0,0,2,0,0,0,0,0,0,1,0,0,0,0,0,0
OQ,0,0,0,12,0,0,0,0,6,0,0,0,0,3,0,0,0,1,1,0,1,0,0,0,0,0,0
PQ,0,0,0,5,0,1,0,0,0,0,0,0,0,0,0,0,0,1,0,0,1,0,0,2,0,0,0
QQ,0,0,0,10,0,0,0,0,4,0,0,0,0,3,0,0,0,1,1,0,1,0,0,0,0,0,0
RQ,0,0,0,8,0,0,0,0,3,0,0,0,0,4,0,0,0,0,0,0,1,0,0,0,0,0,0
SQ,0,0,0,12,0,0,0,0,7,1,0,0,0,2,0,0,0,1,0,0,1,0,0,0,0,0,0
TQ,0,0,0,15,0,1,0,0,7,0,0,0,0,4,0,0,0,1,0,0,1,0,0,0,0,0,1
UQ,0,1,0,12,0,0,0,0,5,0,0,0,0,2,0,0,0,1,0,0,1,1,0,0,0,0,1
VQ,0,0,0,12,0,1,0,0,5,0,0,0,0,4,0,0,0,1,0,0,1,0,0,0,0,0,0
WQ,0,0,0,13,0,0,0,0,5,0,0,0,0,4,0,0,1,1,0,0,1,0,0,0,0,0,1
XQ,0,1,0,14,0,0,0,0,5,0,0,0,0,4,0,0,1,1,0,0,1,0,0,0,0,0,1
YQ,0,0,0,12,0,0,0,0,5,0,0,0,0,4,0,0,0,1,1,0,1,0,0,0,0,0,0
ZQ,0,0,1,21,0,0,0,0,13,0,0,0,0,4,0,0,0,1,0,0,1,0,0,0,0,0,1
AR,0,0,1,23,0,0,0,0,15,0,0,0,0,4,0,0,0,1,0,0,1,0,0,0,0,0,1
BR,0,0,0,11,0,0,0,0,3,0,0,0,0,4,0,0,1,1,0,0,1,0,0,0,0,0,1
CR,0,0,0,17,0,0,0,0,9,0,1,0,0,4,0,0,0,1,0,0,1,0,0,0,0,0,1
DR,0,1,0,15,0,0,0,0,7,0,0,0,0,4,0,0,1,1,0,0,1,0,0,0,0,0,0
ER,0,0,0,8,0,0,0,0,3,0,0,0,0,4,0,0,0,0,0,0,1,0,0,0,0,0,0
FR,0,1,0,9,0,0,0,0,3,0,0,0,0,4,0,0,0,0,0,0,1,0,0,0,0,0,0
GR,0,0,0,5,0,0,0,0,2,0,0,0,0,2,0,0,0,0,0,0,1,0,0,0,0,0,0
HR,0,0,0,10,0,0,0,0,3,0,0,0,0,4,0,0,1,1,0,0,1,0,0,0,0,0,0
IR,0,0,0,9,0,0,0,0,3,0,0,0,0,0,0,0,0,0,0,0,2,0,0,4,0,0,0
JR,0,0,0,16,0,0,0,0,8,0,0,0,0,4,0,0,0,1,1,0,1,0,0,0,0,0,1
KR,0,0,1,9,0,0,0,0,3,0,0,0,0,4,0,0,0,0,0,0,1,0,0,0,0,0,0
LR,0,0,0,12,0,0,0,0,5,0,0,0,0,4,0,0,1,1,0,0,1,0,0,0,0,0,0
MR,0,1,0,12,0,0,0,0,3,0,0,0,0,4,0,0,0,1,0,0,1,0,0,0,0,2,0
NR,0,0,1,19,0,0,0,0,11,0,1,0,0,4,0,0,0,1,0,0,1,0,0,0,0,0,0
OR,0,0,0,22,1,0,0,0,13,0,0,0,0,4,0,0,0,1,1,0,1,0,0,0,0,0,1
PR,0,0,1,14,0,0,0,0,8,0,0,0,0,2,0,0,1,1,0,0,1,0,0,0,0,0,0
QR,0,0,0,5,0,0,0,0,2,0,0,0,0,2,0,0,0,0,0,0,1,0,0,0,0,0,0
RR,0,0,0,11,0,0,0,0,3,0,0,0,0,4,0,0,0,1,0,0,1,0,0,0,0,1,1
SR,0,0,0,13,0,1,0,0,6,0,0,0,0,4,0,0,0,1,0,0,1,0,0,0,0,0,0
TR,0,0,0,8,0,0,0,0,3,0,0,0,0,2,0,0,1,1,0,0,1,0,0,0,0,0,0
UR,0,1,1,15,0,0,0,0,7,0,0,0,0,4,0,0,0,1,0,0,1,0,0,0,0,0,0
VR,0,1,1,16,0,0,0,0,7,0,0,0,0,4,0,0,0,1,0,0,1,0,0,0,0,0,1
WR,0,0,1,18,0,0,0,0,11,0,0,0,0,4,0,0,0,1,0,0,1,0,0,0,0,0,0
XR,0,0,0,6,0,0,0,0,2,0,0,0,0,3,0,0,0,0,0,0,1,0,0,0,0,0,0
YR,0,0,1,17,0,0,0,0,10,0,0,0,0,4,0,0,0,1,0,0,1,0,0,0,0,0,0
ZR,0,0,0,13,0,1,0,0,6,0,0,0,0,0,0,0,0,1,0,0,1,0,0,4,0,0,0
AS,0,0,0,22,0,0,0,0,15,0,0,0,0,4,0,0,0,1,0,0,1,0,1,0,0,0,0
BS,0,0,0,13,0,1,0,0,6,0,0,0,0,0,0,0,0,1,0,0,1,0,0,4,0,0,0
CS,0,0,0,7,0,0,0,0,3,0,0,0,0,3,0,0,0,0,0,0,1,0,0,0,0,0,0
DS,0,0,0,15,0,0,0,0,7,0,0,0,0,4,0,0,2,1,0,0,1,0,0,0,0,0,0
ES,0,1,0,48,1,0,0,0,36,0,0,0,0,0,0,0,2,1,1,0,1,0,0,4,0,0,1
FS,0,0,0,6,0,0,0,0,3,0,0,0,0,2,0,0,0,0,0,0,1,0,0,0,0,0,0
GS,0,1,1,16,0,0,0,0,10,0,0,0,0,2,0,0,0,1,0,0,1,0,0,0,0,0,0
HS,0,0,0,45,0,0,0,0,36,0,0,0,0,0,0,0,1,1,0,0,1,0,1,4,0,0,1
IS,0,0,0,23,0,0,0,1,16,0,0,0,0,4,0,0,0,1,0,0,1,0,0,0,0,0,0
JS,0,0,0,39,0,0,0,0,32,0,0,0,0,4,1,0,0,1,0,0,1,0,0,0,0,0,0
KS,0,1,0,22,0,0,0,0,13,0,0,0,0,4,0,0,0,1,1,0,1,0,0,0,0,0,1
LS,0,0,0,15,0,0,0,0,7,0,0,0,0,4,0,0,0,1,0,1,1,0,0,0,0,0,1
MS,0,1,0,15,0,0,0,0,6,0,0,0,0,4,0,0,0,1,1,0,1,0,0,0,0,0,1
NS,0,0,0,6,0,0,0,0,3,0,0,0,0,2,0,0,0,0,0,0,1,0,0,0,0,0,0
OS,0,0,0,12,0,0,0,0,4,0,0,0,0,4,0,0,0,1,0,0,1,1,0,0,0,0,1
PS,0,0,0,10,0,1,0,0,3,0,0,0,0,4,0,0,0,1,0,0,1,0,0,0,0,0,0
QS,0,1,0,12,0,0,0,0,5,0,0,0,0,0,0,0,0,1,0,0,1,0,0,4,0,0,0
RS,0,0,0,10,0,0,0,0,3,0,0,0,0,4,0,0,1,1,0,0,1,0,0,0,0,0,0
SS,0,0,0,13,0,0,0,0,5,0,0,0,0,4,0,0,0,1,1,0,1,0,0,0,0,0,1
TS,0,0,1,20,0,0,0,0,13,0,0,0,0,4,0,0,0,1,0,0,1,0,0,0,0,0,0
US,0,1,0,15,0,0,0,0,7,0,0,0,0,4,0,0,0,1,0,0,1,1,0,0,0,0,0
VS,0,0,0,16,0,0,0,0,8,0,0,0,0,4,0,0,1,1,0,0,1,1,0,0,0,0,0
WS,0,0,0,6,0,0,0,0,3,0,0,0,0,2,0,0,0,0,0,0,1,0,0,0,0,0,0
XS,0,0,1,21,0,0,0,0,13,0,0,0,0,4,0,0,0,1,0,0,1,0,0,0,0,0,1
YS,0,0,0,23,1,0,0,0,14,0,0,0,0,4,0,0,0,1,1,0,1,0,0,0,0,0,1
ZS,0,0,0,14,0,0,1,0,6,0,0,0,0,4,0,0,0,1,0,0,1,0,0,0,0,0,1
AT,0,0,0,8,0,0,0,0,3,0,0,0,0,4,0,0,0,0,0,0,1,0,0,0,0,0,0
BT,0,0,0,13,0,0,0,0,5,0,0,0,0,4,1,0,0,1,0,0,1,0,0,0,0,0,1
CT,0,0,0,12,0,0,0,0,5,0,0,0,0,4,0,0,0,1,1,0,1,0,0,0,0,0,0
DT,0,0,0,9,0,0,0,0,3,1,0,0,1,2,0,0,0,1,0,0,1,0,0,0,0,0,0
ET,0,0,0,10,0,0,0,0,3,0,0,0,0,4,0,0,0,1,0,0,1,0,0,0,0,1,0
FT,0,0,0,37,0,0,0,0,29,0,1,0,0,3,0,0,0,1,0,0,1,1,1,0,0,0,0
GT,0,0,1,22,0,0,0,0,15,0,0,0,0,2,0,0,1,1,0,0,1,0,0,0,0,0,1
HT,0,0,0,14,0,0,0,0,7,0,0,0,0,4,0,0,0,1,1,0,1,0,0,0,0,0,0
IT,0,1,1,16,0,0,0,0,7,0,0,0,0,4,0,0,0,1,0,0,1,0,0,0,0,0,1
JT,0,0,0,14,0,0,0,0,7,0,0,0,0,3,0,0,1,1,0,0,1,0,0,0,0,1,0
KT,0,0,0,13,0,1,0,0,5,0,0,0,0,4,0,1,0,1,0,0,1,0,0,0,0,0,0
LT,0,0,0,29,1,0,0,2,19,0,0,0,0,3,0,0,0,1,0,0,1,0,0,0,0,2,0
MT,0,0,0,12,0,0,0,0,4,0,0,0,0,4,0,0,1,1,0,0,1,0,0,0,0,0,1
NT,0,0,0,17,0,1,0,0,9,0,0,0,0,0,0,0,0,1,0,1,1,0,0,4,0,0,0
OT,0,1,0,16,0,0,0,0,7,0,0,0,0,4,0,0,1,1,0,0,1,0,0,0,0,0,1
PT,0,0,0,13,0,0,0,0,5,0,0,0,0,4,0,0,1,1,0,0,1,1,0,0,0,0,0
QT,0,0,0,11,0,0,0,0,5,0,0,0,0,4,0,0,0,0,1,0,1,0,0,0,0,0,0
RT,0,0,0,11,0,0,0,0,3,0,0,0,0,4,0,0,1,1,0,0,1,0,0,0,0,0,1
ST,0,1,0,17,0,0,0,0,8,0,0,0,0,4,0,0,0,1,1,0,1,0,0,0,0,0,1
TT,0,0,0,5,0,0,0,0,2,0,0,0,0,2,0,0,0,0,0,0,1,0,0,0,0,0,0
UT,0,0,0,12,0,0,0,0,5,0,0,0,0,4,0,0,0,1,1,0,1,0,0,0,0,0,0
VT,0,1,0,16,0,0,0,0,7,0,0,0,0,4,0,0,0,1,0,0,1,2,0,0,0,0,0
WT,0,0,0,18,0,1,0,0,9,0,0,0,0,4,1,0,0,1,0,0,1,0,0,0,0,0,1
XT,0,0,0,18,0,0,0,0,10,0,0,0,0,4,0,0,1,1,0,0,1,0,0,0,0,0,1
YT,0,0,0,17,0,0,0,0,8,0,0,0,0,4,0,0,1,1,1,0,1,0,0,0,0,0,1
ZT,0,0,1,13,0,0,0,0,6,0,0,0,0,4,0,0,0,1,0,0,1,0,0,0,0,0,0
AU,0,0,0,12,0,0,0,0,5,0,0,0,0,4,1,0,0,1,0,0,1,0,0,0,0,0,0
BU,0,0,0,14,0,0,0,0,7,0,0,0,0,0,0,0,0,1,0,1,1,0,0,4,0,0,0
CU,0,0,0,11,0,0,0,0,5,0,0,0,0,2,0,0,0,1,0,0,1,0,0,0,1,0,1
DU,0,1,0,9,0,0,0,0,3,0,0,0,0,4,0,0,0,0,0,0,1,0,0,0,0,0,0
EU,0,0,0,14,0,0,0,0,6,0,0,0,0,4,0,0,0,1,0,0,1,0,0,0,0,1,1
FU,0,0,0,12,0,0,0,0,7,0,0,0,0,2,0,0,0,1,1,0,1,0,0,0,0,0,0
GU,0,0,0,15,0,0,0,0,7,0,0,0,0,4,0,0,0,1,0,0,1,0,0,0,0,1,1
HU,0,0,0,3,0,0,0,0,0,0,0,0,0,2,0,0,0,0,0,0,1,0,0,0,0,0,0
IU,0,0,0,15,0,1,0,0,7,0,0,0,1,4,0,0,0,1,0,0,1,0,0,0,0,0,0
JU,0,0,0,16,0,0,0,0,8,0,0,0,0,4,1,0,0,1,1,0,1,0,0,0,0,0,0
KU,0,0,0,8,0,0,0,0,3,0,0,0,0,4,0,0,0,0,0,0,1,0,0,0,0,0,0
LU,0,0,0,13,0,0,0,0,5,0,0,0,0,4,0,0,0,1,0,0,1,1,0,0,0,0,1
MU,0,0,0,14,0,0,0,0,7,0,0,0,0,4,0,0,0,1,0,0,1,0,0,0,1,0,0
NU,0,1,1,20,0,0,0,0,12,0,0,0,0,4,0,0,0,1,0,0,1,0,0,0,0,0,0
OU,0,1,0,14,0,0,0,0,5,0,0,0,0,4,0,0,0,1,0,0,1,0,0,0,0,1,1
PU,0,1,0,38,0,0,0,0,30,0,0,0,0,4,0,0,1,1,0,0,1,0,0,0,0,0,0
QU,0,0,0,19,0,0,0,1,10,0,0,0,0,4,1,0,0,1,0,0,1,0,0,0,0,0,1
RU,0,1,0,34,1,0,0,0,24,0,0,0,0,3,0,0,2,1,1,0,1,0,0,0,0,0,0
SU,0,1,0,9,0,0,0,0,3,0,0,0,0,4,0,0,0,0,0,0,1,0,0,0,0,0,0
TU,0,1,0,20,0,0,0,0,14,0,0,0,1,2,0,0,0,1,0,0,1,0,0,0,0,0,0
UU,0,0,0,6,0,0,1,0,1,0,0,0,0,2,0,0,0,1,0,0,1,0,0,0,0,0,0
VU,0,0,0,14,0,0,0,0,7,0,0,0,0,4,0,0,1,1,0,0,1,0,0,0,0,0,0
WU,0,0,0,17,0,0,0,0,9,0,0,0,1,4,0,0,0,1,1,0,1,0,0,0,0,0,0
XU,0,0,0,8,0,0,0,0,3,0,0,0,0,0,0,0,0,0,0,0,1,0,0,4,0,0,0
YU,0,0,0,3,0,0,0,0,0,0,0,0,0,2,0,0,0,0,0,0,1,0,0,0,0,0,0
ZU,0,0,0,10,0,0,0,0,3,0,0,0,0,0,0,0,0,1,0,1,1,0,0,4,0,0,0
AV,0,0,0,10,0,0,0,0,3,0,0,0,0,4,0,0,0,1,1,0,1,0,0,0,0,0,0
BV,0,1,0,16,0,0,0,0,8,0,0,0,0,4,0,0,0,1,1,0,1,0,0,0,0,0,0
CV,0,0,0,12,0,0,0,0,5,0,0,0,0,4,0,0,0,1,1,0,1,0,0,0,0,0,0
DV,0,0,0,8,0,0,0,0,3,0,0,0,0,4,0,0,0,0,0,0,1,0,0,0,0,0,0
EV,0,0,0,10,0,0,0,0,5,0,0,0,0,4,0,0,0,0,0,0,1,0,0,0,0,0,0
FV,0,0,0,8,0,0,0,0,3,0,0,0,0,4,0,0,0,0,0,0,1,0,0,0,0,0,0
GV,0,0,0,14,0,0,0,0,7,0,0,0,0,4,0,0,0,1,1,0,1,0,0,0,0,0,0
HV,0,0,0,16,0,1,0,0,9,0,0,0,0,0,0,0,0,1,0,0,1,0,0,4,0,0,0
IV,0,0,0,8,0,0,0,0,3,0,0,0,0,4,0,0,0,0,0,0,1,0,0,0,0,0,0
JV,0,0,0,15,0,0,0,0,8,0,0,0,0,4,0,0,0,1,1,0,1,0,0,0,0,0,0
KV,0,0,0,8,0,0,0,0,2,0,0,0,0,2,0,0,1,1,0,0,1,0,0,0,0,0,1
LV,0,0,1,19,0,0,0,0,14,0,0,0,0,2,0,0,0,1,0,0,1,0,0,0,0,0,0
MV,0,1,0,16,0,0,0,0,8,0,0,0,0,4,0,0,1,1,0,0,1,0,0,0,0,0,0
NV,0,0,0,11,0,0,0,0,4,0,0,0,0,4,0,0,0,1,1,0,1,0,0,0,0,0,0
OV,0,0,0,9,0,0,0,0,3,0,0,0,0,4,1,0,0,0,0,0,1,0,0,0,0,0,0
PV,0,0,0,14,0,0,0,0,5,0,0,0,0,4,0,0,0,1,0,1,1,1,0,0,0,0,1
QV,0,1,0,9,0,0,0,0,3,0,0,0,0,4,0,0,0,0,0,0,1,0,0,0,0,0,0
RV,0,0,0,3,0,0,0,0,0,0,0,0,0,2,0,0,0,0,0,0,1,0,0,0,0,0,0
SV,0,0,0,10,0,0,0,0,3,0,0,0,0,4,0,1,0,1,0,0,1,0,0,0,0,0,0
TV,0,0,0,17,0,0,0,0,9,0,0,0,0,4,0,0,1,1,0,0,1,0,0,0,0,0,1
UV,0,0,0,15,0,0,0,0,7,0,1,0,0,4,0,0,0,1,0,0,1,0,0,0,0,0,1
VV,0,0,0,5,0,0,0,0,2,0,0,0,0,2,0,0,0,0,0,0,1,0,0,0,0,0,0
WV,0,0,0,14,0,0,0,0,7,0,0,0,0,4,0,0,0,1,0,0,1,1,0,0,0,0,0
XV,0,0,0,8,0,0,0,0,3,0,0,0,0,0,0,0,0,0,0,0,1,0,0,4,0,0,0
YV,0,0,0,21,0,0,0,0,13,0,0,0,0,4,0,0,1,1,0,0,1,0,0,0,0,0,1
ZV,0,0,0,12,0,0,0,0,5,0,0,0,0,4,0,0,0,1,0,0,1,1,0,0,0,0,0
AW,0,0,0,7,0,0,0,0,3,0,0,0,0,3,0,0,0,0,0,0,1,0,0,0,0,0,0
BW,0,1,0,21,0,0,1,0,12,0,1,0,0,4,0,0,0,1,0,0,1,0,0,0,0,0,0
CW,0,0,0,15,0,0,0,0,7,0,0,0,0,4,0,0,2,1,0,0,1,0,0,0,0,0,0
DW,0,1,0,13,0,0,0,0,5,0,0,0,0,4,0,0,1,1,0,0,1,0,0,0,0,0,0
EW,0,0,0,23,0,0,0,0,15,0,0,0,0,4,1,0,1,1,0,0,1,0,0,0,0,0,0
FW,0,0,0,20,0,0,0,0,11,0,0,0,0,4,1,0,1,1,0,0,1,0,0,0,0,0,1
GW,0,0,0,11,0,0,0,0,6,0,0,0,0,4,0,0,0,0,0,0,1,0,0,0,0,0,0
HW,0,0,0,6,0,0,0,0,2,0,0,0,0,0,0,0,0,0,0,0,2,0,0,2,0,0,0
IW,0,0,0,13,0,0,0,0,6,0,0,0,0,4,0,0,1,1,0,0,1,0,0,0,0,0,0
JW,0,1,0,16,0,0,0,0,7,0,0,0,0,4,0,0,0,1,0,0,1,1,0,0,0,0,1
KW,0,1,0,13,0,0,0,0,4,0,0,0,0,4,0,0,0,1,0,0,1,1,0,0,0,0,1
LW,0,1,0,15,0,0,0,0,7,0,1,0,0,0,0,0,0,1,0,0,1,0,0,4,0,0,0
MW,0,0,0,30,0,0,0,0,21,1,0,0,0,4,0,0,2,1,0,0,1,0,0,0,0,0,0
NW,0,0,0,18,0,0,0,0,10,0,0,0,0,4,1,0,0,1,1,0,1,0,0,0,0,0,0
OW,0,0,0,16,0,0,0,0,9,0,0,0,1,4,0,0,0,1,0,0,1,0,0,0,0,0,0
PW,0,0,0,12,0,1,0,0,5,0,0,0,0,4,0,0,0,1,0,0,1,0,0,0,0,0,0
QW,0,0,0,14,0,0,0,0,5,0,0,0,0,4,0,0,1,1,0,0,1,1,0,0,0,0,1
RW,0,0,0,15,0,0,0,0,7,0,0,0,0,4,0,0,0,1,1,0,1,1,0,0,0,0,0
SW,0,1,0,19,0,1,0,0,10,0,0,0,0,4,0,0,0,1,0,1,1,0,0,0,0,0,0
TW,0,0,0,22,0,0,0,0,13,0,0,0,0,4,0,0,2,1,0,0,1,0,0,0,0,0,1
UW,0,0,0,14,0,0,0,0,6,0,0,0,0,4,0,0,1,1,0,0,1,0,0,0,0,0,1
VW,0,0,0,14,0,0,0,0,5,0,0,0,0,4,0,0,1,1,1,0,1,0,0,0,0,0,1
WW,0,0,0,18,1,0,0,0,8,0,0,0,0,4,0,0,1,1,0,0,1,0,1,0,0,0,1
XW,0,0,0,16,0,0,0,0,9,0,0,0,0,4,0,0,0,1,1,0,1,0,0,0,0,0,0
YW,0,0,0,10,0,0,0,0,5,0,0,0,0,2,0,0,1,1,0,0,1,0,0,0,0,0,0
ZW,0,0,0,13,0,0,0,0,5,0,0,0,0,4,0,0,2,1,0,0,1,0,0,0,0,0,0
AX,0,0,0,6,0,0,0,0,3,0,0,0,0,2,0,0,0,0,0,0,1,0,0,0,0,0,0
BX,0,0,0,17,0,0,0,0,9,0,0,0,0,4,0,0,0,1,0,0,1,1,0,0,0,0,1
CX,0,0,0,14,0,0,0,1,7,0,0,0,0,3,0,0,0,1,1,0,1,0,0,0,0,0,0
DX,0,0,0,13,0,0,0,0,6,0,0,0,0,4,0,0,0,1,0,0,1,1,0,0,0,0,0
EX,0,0,0,24,0,0,1,0,13,0,0,0,0,4,1,0,0,1,2,0,1,0,1,0,0,0,0
FX,0,0,0,17,0,0,0,0,9,0,0,0,0,3,0,0,0,1,1,0,1,0,0,0,1,0,1
GX,0,0,1,15,0,0,1,0,7,0,0,0,0,4,0,0,0,1,0,0,1,0,0,0,0,0,0
HX,0,0,0,10,0,1,0,0,3,0,0,0,0,0,0,0,0,1,0,0,1,0,0,4,0,0,0
IX,0,0,0,8,0,0,0,0,3,0,0,0,0,4,0,0,0,0,0,0,1,0,0,0,0,0,0
JX,0,0,0,17,0,0,0,0,9,0,0,0,0,4,0,0,0,1,0,0,1,1,1,0,0,0,0
KX,0,0,0,30,1,0,0,0,24,0,0,0,0,1,0,0,0,1,0,0,1,0,0,0,0,1,1
LX,0,0,0,13,0,0,0,0,6,0,0,0,0,4,0,0,0,1,1,0,1,0,0,0,0,0,0
MX,0,0,0,12,0,0,0,0,5,0,0,0,0,4,0,0,0,1,0,0,1,0,0,0,1,0,0
NX,0,0,0,12,0,0,0,0,6,0,0,0,0,3,0,0,0,1,1,0,1,0,0,0,0,0,0
OX,0,0,0,14,0,0,0,0,6,0,0,0,0,4,0,0,0,1,0,0,1,1,0,0,0,0,1
PX,0,0,0,5,0,0,0,0,2,0,0,0,0,2,0,0,0,0,0,0,1,0,0,0,0,0,0
QX,0,0,0,29,0,0,0,0,18,0,2,1,0,4,0,0,1,1,0,0,1,1,0,0,0,0,0
RX,0,0,0,5,0,0,0,0,2,0,0,0,0,0,0,0,0,0,0,0,1,0,0,2,0,0,0
SX,0,0,0,20,0,1,0,0,12,0,0,0,0,4,0,1,0,1,0,0,1,0,0,0,0,0,0
TX,0,0,0,15,0,0,0,0,7,0,0,0,0,4,0,0,0,1,0,0,1,1,0,0,0,0,1
UX,0,0,0,8,0,0,0,0,3,0,0,0,0,4,0,0,0,0,0,0,1,0,0,0,0,0,0
VX,0,0,0,5,0,0,0,0,2,0,0,0,0,2,0,0,0,0,0,0,1,0,0,0,0,0,0
WX,0,0,0,8,0,0,0,0,3,0,0,0,0,4,0,0,0,0,0,0,1,0,0,0,0,0,0
XX,0,1,0,12,0,0,0,0,5,0,0,0,0,4,0,0,0,1,0,0,1,0,0,0,0,0,0
YX,0,1,0,84,0,0,0,0,74,0,1,0,0,4,0,0,0,1,0,0,1,1,1,0,0,0,0
ZX,0,0,0,10,0,0,0,0,3,0,0,0,0,4,0,0,0,1,0,0,1,1,0,0,0,0,0
AY,0,0,1,22,0,0,0,0,17,0,0,0,0,2,0,0,0,1,0,0,1,0,0,0,0,0,0
BY,0,0,0,6,0,0,0,0,3,0,0,0,0,2,0,0,0,0,0,0,1,0,0,0,0,0,0
CY,0,1,0,33,0,0,0,0,22,1,0,0,1,4,0,0,2,1,0,0,1,0,0,0,0,0,0
DY,0,0,0,14,0,0,0,0,6,0,0,0,0,4,0,0,0,1,1,0,1,0,0,0,1,0,0
EY,0,0,0,12,0,0,0,0,5,0,0,0,0,4,0,0,0,1,0,0,1,1,0,0,0,0,0
FY,0,0,0,17,0,0,0,0,8,0,0,0,1,4,0,0,1,1,0,0,1,0,0,0,0,0,1
GY,0,0,0,13,0,0,0,0,5,0,0,0,0,4,1,0,0,1,0,0,1,1,0,0,0,0,0
HY,0,0,0,15,0,0,0,0,7,0,0,0,0,4,0,0,0,1,0,0,1,1,0,0,0,0,1
IY,0,0,0,18,0,0,0,0,9,0,1,0,0,4,0,0,0,1,0,0,1,1,0,0,0,0,1
JY,0,0,0,18,0,0,0,0,10,0,0,0,0,4,0,0,0,1,0,0,1,1,0,0,0,0,1
KY,0,0,0,5,0,0,0,0,2,0,0,0,0,2,0,0,0,0,0,0,1,0,0,0,0,0,0
LY,0,0,0,3,0,0,0,0,0,0,0,0,0,2,0,0,0,0,0,0,1,0,0,0,0,0,0
MY,0,0,0,6,0,0,0,0,3,0,0,0,0,2,0,0,0,0,0,0,1,0,0,0,0,0,0
NY,0,0,0,8,0,0,0,0,3,0,0,0,0,4,0,0,0,0,0,0,1,0,0,0,0,0,0
OY,0,0,0,16,0,0,0,0,11,0,0,0,0,2,1,0,0,1,0,0,1,0,0,0,0,0,0
PY,0,0,0,8,0,0,0,0,3,0,0,0,0,4,0,0,0,0,0,0,1,0,0,0,0,0,0
QY,0,0,0,12,0,0,0,0,7,0,0,0,0,2,0,0,0,1,1,0,1,0,0,0,0,0,0
RY,0,0,0,23,1,0,0,2,14,0,0,0,0,4,0,0,0,1,0,0,1,0,0,0,0,0,0
SY,0,1,0,14,0,0,0,0,5,0,0,0,0,4,0,0,0,1,0,0,1,0,0,0,0,1,1
TY,0,0,0,3,0,0,0,0,0,0,0,0,0,2,0,0,0,0,0,0,1,0,0,0,0,0,0
UY,0,1,0,9,0,0,0,0,3,0,0,0,0,4,0,0,0,0,0,0,1,0,0,0,0,0,0
VY,0,0,0,17,0,0,0,0,9,0,1,0,0,4,0,0,0,1,1,0,1,0,0,0,0,0,0
WY,0,0,0,3,0,0,0,0,0,0,0,0,0,2,0,0,0,0,0,0,1,0,0,0,0,0,0
XY,0,0,0,13,0,0,0,0,5,0,1,0,0,4,0,0,0,1,0,0,1,0,0,0,0,0,1
YY,0,1,0,21,1,0,0,0,10,0,0,0,0,4,1,0,0,1,0,0,1,2,0,0,0,0,0
ZY,0,0,0,8,0,0,0,0,3,0,0,0,0,4,0,0,0,0,0,0,1,0,0,0,0,0,0
AZ,0,0,0,15,0,0,0,0,7,0,0,0,1,4,0,0,0,1,0,0,1,1,0,0,0,0,0
BZ,0,1,0,24,0,0,0,0,17,0,0,0,1,3,0,0,0,1,0,0,1,0,0,0,0,0,0
CZ,0,0,0,40,0,0,0,0,31,1,0,0,1,4,0,0,0,1,0,0,1,0,1,0,0,0,0
DZ,0,0,0,32,1,0,0,0,24,0,0,0,0,4,0,0,0,1,1,0,1,0,0,0,0,0,0
EZ,0,0,0,6,0,0,0,0,3,0,0,0,0,2,0,0,0,0,0,0,1,0,0,0,0,0,0
FZ,0,0,0,18,0,0,0,0,9,0,0,0,0,4,0,0,1,1,1,0,1,0,0,0,0,0,1
GZ,0,0,0,5,0,0,0,0,2,0,0,0,0,2,0,0,0,0,0,0,1,0,0,0,0,0,0
HZ,0,1,0,22,1,1,0,0,13,0,0,0,0,4,0,0,0,1,0,0,1,0,0,0,0,0,0
IZ,0,0,0,7,0,0,0,0,2,0,0,0,0,2,1,0,0,1,0,0,1,0,0,0,0,0,0
JZ,0,0,0,10,0,0,0,0,5,0,0,0,0,4,0,0,0,0,0,0,1,0,0,0,0,0,0
KZ,0,1,0,17,0,1,0,0,8,0,0,0,0,4,0,0,0,1,0,1,1,0,0,0,0,0,0
LZ,0,0,0,21,0,0,0,0,10,0,0,0,0,4,0,0,0,1,0,0,1,1,0,0,1,2,1
MZ,0,0,0,14,0,0,0,0,7,0,0,0,0,3,0,0,0,1,0,1,1,0,0,0,0,0,1
NZ,0,0,0,61,0,0,2,0,48,0,0,0,0,4,0,0,0,1,0,0,1,3,1,0,0,0,1
OZ,0,0,0,10,0,0,0,0,5,0,0,0,0,4,0,0,0,0,0,0,1,0,0,0,0,0,0
PZ,0,1,0,15,0,0,0,0,7,0,0,0,0,3,0,0,1,1,0,0,1,0,0,0,0,0,1
QZ,0,0,0,10,0,0,0,0,4,0,0,0,0,3,0,0,0,1,1,0,1,0,0,0,0,0,0
RZ,0,1,0,14,0,0,0,0,6,0,0,0,0,4,0,0,0,1,1,0,1,0,0,0,0,0,0
SZ,0,0,0,8,0,0,0,0,3,0,0,0,0,4,0,0,0,0,0,0,1,0,0,0,0,0,0
TZ,0,0,0,8,0,0,0,0,3,0,0,0,0,4,0,0,0,0,0,0,1,0,0,0,0,0,0
UZ,0,0,0,12,0,0,0,0,5,0,0,0,0,4,0,0,1,1,0,0,1,0,0,0,0,0,0
VZ,0,0,0,6,0,0,0,0,3,0,0,0,0,2,0,0,0,0,0,0,1,0,0,0,0,0,0
WZ,0,0,1,24,0,0,0,0,16,0,0,0,0,4,0,0,0,1,0,0,1,0,0,0,0,0,1
XZ,0,0,0,16,0,0,0,0,9,0,0,0,0,4,0,0,0,1,0,0,1,1,0,0,0,0,0
YZ,0,0,0,15,0,0,0,0,6,0,0,0,0,4,0,0,1,1,0,0,1,0,0,0,1,0,1
ZZ,0,0,0,14,0,1,0,0,7,0,0,0,0,4,0,0,0,1,0,0,1,0,0,0,0,0,0
AAA,0,0,0,11,0,0,0,0,3,0,0,0,0,4,0,0,0,1,0,0,1,1,0,0,0,0,1
BAA,0,0,0,12,0,0,0,0,5,0,0,0,0,4,0,0,0,1,1,0,1,0,0,0,0,0,0
CAA,0,0,0,8,0,0,0,0,3,0,0,0,0,0,0,0,0,0,0,0,1,0,0,4,0,0,0
DAA,0,0,0,16,0,0,0,0,9,0,0,0,0,4,0,0,0,1,1,0,1,0,0,0,0,0,0
EAA,0,0,0,15,0,0,0,0,9,1,0,0,0,2,0,0,0,1,0,0,1,1,0,0,0,0,0
FAA,0,0,0,17,0,1,0,0,8,0,0,0,0,4,0,1,0,1,0,0,1,0,0,0,0,0,1
GAA,0,0,0,16,0,1,0,0,9,0,0,0,0,4,0,0,0,1,0,0,1,0,0,0,0,0,0
HAA,0,0,0,21,1,0,0,0,13,0,0,0,0,3,0,0,1,1,0,0,1,1,0,0,0,0,0
IAA,0,0,0,9,0,1,0,0,3,0,0,0,0,2,0,0,0,1,0,0,1,0,0,0,0,0,1
JAA,0,0,0,23,0,1,0,0,17,0,0,0,0,2,0,1,0,1,0,0,1,0,0,0,0,0,0
KAA,0,1,0,5,0,0,0,0,0,0,0,0,0,2,0,0,0,1,0,0,1,0,0,0,0,0,0
LAA,0,0,0,8,0,0,0,0,3,0,0,0,0,4,0,0,0,0,0,0,1,0,0,0,0,0,0
MAA,0,0,0,14,0,0,0,1,9,0,0,0,0,2,0,0,0,1,0,0,1,0,0,0,0,0,0
NAA,0,0,0,3,0,0,0,0,0,0,0,0,0,2,0,0,0,0,0,0,1,0,0,0,0,0,0
OAA,0,0,0,37,1,1,0,0,29,0,0,0,0,3,0,0,0,1,0,0,1,0,0,0,1,0,0
PAA,0,0,0,8,0,0,0,0,3,0,0,0,0,4,0,0,0,0,0,0,1,0,0,0,0,0,0
QAA,0,0,0,14,0,0,0,0,7,0,0,0,0,4,0,0,0,1,1,0,1,0,0,0,0,0,0
RAA,0,0,0,17,1,0,0,0,8,0,0,0,0,4,0,0,0,1,1,0,1,1,0,0,0,0,0
SAA,0,0,0,11,0,1,0,0,6,0,0,0,0,2,0,0,0,1,0,0,1,0,0,0,0,0,0
TAA,0,0,0,18,0,0,0,0,11,0,0,0,0,4,0,0,0,1,1,0,1,0,0,0,0,0,0
UAA,0,0,0,5,0,0,0,0,2,0,0,0,0,2,0,0,0,0,0,0,1,0,0,0,0,0,0
VAA,0,0,0,20,1,1,0,0,11,0,0,0,0,0,0,0,0,1,0,0,1,0,0,4,0,0,1
WAA,0,0,0,12,0,0,0,0,5,0,0,0,0,4,0,0,0,1,1,0,1,0,0,0,0,0,0
XAA,0,1,0,13,0,0,0,0,5,0,0,0,0,4,0,0,0,1,1,0,1,0,0,0,0,0,0
YAA,0,0,0,12,0,0,0,0,5,0,0,0,0,0,0,0,0,1,0,1,1,0,0,4,0,0,0
ZAA,0,0,0,15,0,0,0,0,7,0,0,0,0,4,0,0,0,1,0,0,1,1,0,0,0,1,0
ABA,0,0,0,17,0,0,0,0,10,0,0,0,0,4,0,0,1,1,0,0,1,0,0,0,0,0,0
BBA,0,1,0,14,0,1,0,0,6,0,0,0,0,4,0,0,0,1,0,0,1,0,0,0,0,0,0
CBA,0,1,0,21,0,0,0,0,12,0,1,0,0,4,0,0,0,1,0,0,1,1,0,0,0,0,0
DBA,0,1,0,14,0,0,0,0,6,0,0,0,0,4,0,0,0,1,1,0,1,0,0,0,0,0,0
EBA,0,0,0,12,0,0,0,0,5,0,0,0,0,4,0,0,0,1,1,0,1,0,0,0,0,0,0
FBA,0,0,0,10,0,0,0,0,4,0,0,0,0,2,0,0,1,1,0,0,1,0,0,0,0,0,1
GBA,0,0,0,11,0,0,0,0,3,0,0,0,0,4,0,0,0,1,1,0,1,0,0,0,0,0,1
HBA,0,0,1,15,0,0,0,0,7,0,0,0,0,4,0,0,0,1,0,0,1,0,0,0,0,0,1
IBA,0,0,0,12,0,1,0,0,5,0,0,0,0,0,0,0,0,1,0,0,1,0,0,4,0,0,0
JBA,0,0,0,8,0,0,0,0,3,0,0,0,0,4,0,0,0,0,0,0,1,0,0,0,0,0,0
KBA,0,1,0,15,0,0,0,0,7,0,0,0,0,4,0,0,1,1,0,0,1,0,0,0,0,0,0
LBA,0,0,1,19,0,0,0,0,11,0,0,0,0,4,0,0,1,1,0,0,1,0,0,0,0,0,0
MBA,0,0,0,11,0,0,0,0,4,0,0,0,0,4,0,0,1,1,0,0,1,0,0,0,0,0,0
NBA,0,0,0,5,0,0,0,0,2,0,0,0,0,2,0,0,0,0,0,0,1,0,0,0,0,0,0
OBA,0,0,0,13,0,0,0,0,8,0,0,0,0,2,0,0,0,1,0,0,1,0,0,0,0,1,0
PBA,0,0,0,11,0,0,0,0,4,0,0,0,0,4,0,0,0,1,0,0,1,0,1,0,0,0,0
QBA,0,0,0,33,1,0,0,0,25,0,0,0,0,4,0,0,0,1,0,0,1,0,0,0,0,1,0
RBA,0,0,0,13,0,0,0,1,7,0,0,0,0,3,0,0,0,1,0,0,1,0,0,0,0,0,0
SBA,0,0,0,14,0,0,0,0,6,0,0,0,0,4,0,0,1,1,0,0,1,1,0,0,0,0,0
TBA,0,0,0,12,0,0,0,0,5,0,0,0,0,4,0,0,0,1,1,0,1,0,0,0,0,0,0
UBA,0,0,0,15,0,0,0,0,7,0,1,0,0,4,0,0,0,1,0,0,1,0,0,0,0,0,1
VBA,0,0,0,5,0,0,0,0,2,0,0,0,0,2,0,0,0,0,0,0,1,0,0,0,0,0,0
WBA,0,0,0,12,0,0,0,0,6,0,1,0,0,2,0,0,0,1,0,0,1,1,0,0,0,0,0
XBA,0,0,0,27,1,0,0,0,16,0,2,0,0,4,0,0,0,1,0,0,1,0,0,0,1,0,1
YBA,0,0,0,14,0,0,0,0,7,0,0,0,0,4,0,0,0,1,1,0,1,0,0,0,0,0,0
ZBA,0,0,0,11,0,1,0,0,4,0,0,0,0,4,0,0,0,1,0,0,1,0,0,0,0,0,0
ACA,0,0,0,8,0,0,0,0,3,0,0,0,0,4,0,0,0,0,0,0,1,0,0,0,0,0,0
BCA,0,0,0,19,0,0,0,0,12,1,0,0,0,0,0,0,0,1,0,0,1,0,0,4,0,0,0
CCA,0,0,0,8,0,0,0,0,3,0,0,0,0,4,0,0,0,0,0,0,1,0,0,0,0,0,0
DCA,0,0,0,13,0,0,0,0,5,0,0,0,0,4,0,0,1,1,0,0,1,0,0,0,0,0,1
ECA,0,0,0,19,1,0,0,0,11,0,0,0,0,4,0,0,0,1,0,0,1,0,0,0,0,1,0
FCA,0,0,0,15,0,1,0,0,7,0,0,0,0,4,0,0,0,1,0,0,1,0,0,0,0,0,1
GCA,0,0,0,14,0,0,0,0,6,0,0,0,0,4,0,0,0,1,1,0,1,0,0,0,0,0,1
HCA,0,0,0,8,0,0,0,0,3,0,0,0,0,4,0,0,0,0,0,0,1,0,0,0,0,0,0
ICA,0,0,0,5,0,0,0,0,2,0,0,0,0,2,0,0,0,0,0,0,1,0,0,0,0,0,0
JCA,0,0,1,18,0,0,0,0,10,0,0,0,0,4,0,0,0,1,0,0,1,0,0,0,0,0,1
KCA,0,0,0,11,0,0,0,0,4,0,0,0,0,4,0,0,0,1,0,0,1,1,0,0,0,0,0
LCA,0,0,0,8,0,0,0,0,3,0,0,0,0,0,0,0,0,0,0,0,1,0,0,4,0,0,0
MCA,0,0,0,5,0,0,0,0,2,0,0,0,0,2,0,0,0,0,0,0,1,0,0,0,0,0,0
NCA,0,1,0,17,0,0,0,0,8,0,0,0,0,4,0,0,1,1,0,0,1,0,0,0,0,0,1
OCA,0,0,0,5,0,0,0,0,2,0,0,0,0,2,0,0,0,0,0,0,1,0,0,0,0,0,0
PCA,0,0,0,10,0,0,0,0,6,0,0,0,1,2,0,0,0,0,0,0,1,0,0,0,0,0,0
QCA,0,1,0,15,0,0,0,0,7,0,0,0,0,4,0,0,0,1,1,0,1,0,0,0,0,0,0
RCA,0,1,0,15,0,0,0,0,6,0,0,0,0,4,0,0,0,1,0,0,1,0,0,0,0,1,1
SCA,0,0,0,17,1,0,0,0,7,0,1,0,0,4,0,0,0,1,0,0,1,1,0,0,0,0,1
TCA,0,0,0,21,0,0,0,0,13,0,0,0,0,4,1,0,0,1,0,0,1,0,0,0,0,0,1
UCA,0,0,0,5,0,0,0,0,2,0,0,0,0,2,0,0,0,0,0,0,1,0,0,0,0,0,0
VCA,0,0,0,15,0,0,0,0,7,0,0,0,0,4,0,0,0,1,1,0,1,0,0,0,0,0,1
WCA,0,0,0,20,1,0,0,0,12,0,0,0,0,4,0,0,1,1,0,0,1,0,0,0,0,0,0
XCA,0,0,0,35,0,0,0,0,23,2,0,0,0,4,0,0,2,1,0,0,1,1,0,0,0,0,1
YCA,0,1,0,11,0,0,0,0,5,0,0,0,0,4,0,0,0,0,0,0,1,0,0,0,0,0,0
ZCA,0,0,0,9,0,0,0,0,4,0,0,0,0,4,0,0,0,0,0,0,1,0,0,0,0,0,0
ADA,0,0,0,24,0,0,0,0,17,0,0,0,1,3,0,0,0,1,0,0,1,0,0,0,0,0,1
BDA,0,1,0,12,0,0,1,0,4,0,0,0,0,4,0,0,0,1,0,0,1,0,0,0,0,0,0
CDA,0,0,0,3,0,0,0,0,0,0,0,0,0,2,0,0,0,0,0,0,1,0,0,0,0,0,0
DDA,0,0,0,17,0,0,0,0,10,0,0,0,0,4,0,0,0,1,1,0,1,0,0,0,0,0,0
EDA,0,0,0,12,0,0,0,0,4,0,0,0,0,4,0,0,0,1,0,0,1,1,0,0,0,0,1
FDA,0,1,0,18,0,0,0,0,9,0,0,0,0,4,0,0,0,1,1,0,1,0,0,0,0,0,1
GDA,0,1,0,9,0,0,0,0,2,0,0,0,1,2,0,0,0,1,0,0,1,0,0,0,0,0,1
HDA,0,0,0,12,0,1,0,0,4,0,0,0,0,4,0,0,0,1,0,0,1,0,0,0,0,0,1
IDA,0,1,0,13,0,0,0,0,4,0,0,0,0,4,0,0,0,1,1,0,1,0,0,0,0,0,1
JDA,0,0,0,8,0,0,0,0,3,0,0,0,0,4,0,0,0,0,0,0,1,0,0,0,0,0,0
KDA,0,0,0,3,0,0,0,0,0,0,0,0,0,2,0,0,0,0,0,0,1,0,0,0,0,0,0
LDA,0,0,0,15,0,0,0,0,7,0,1,0,0,4,0,0,0,1,0,0,1,0,0,0,1,0,0
MDA,0,0,0,12,1,0,0,0,6,0,0,0,0,4,0,0,0,0,0,0,1,0,0,0,0,0,0
NDA,0,0,0,15,0,0,0,0,6,0,0,0,0,4,0,0,0,1,2,0,1,0,1,0,0,0,0
ODA,0,0,1,23,0,0,0,0,15,0,0,0,0,4,0,0,0,1,0,0,1,1,0,0,0,0,0
PDA,0,1,0,16,0,1,0,0,8,0,0,0,0,0,0,0,0,1,0,0,1,0,0,4,0,0,0
QDA,0,0,0,9,0,0,0,0,3,0,0,0,0,2,0,0,1,1,0,0,1,0,0,0,0,0,1
RDA,0,0,0,8,0,0,0,0,3,0,0,0,0,4,0,0,0,0,0,0,1,0,0,0,0,0,0
SDA,0,0,0,14,0,0,0,1,7,0,0,0,0,4,0,0,0,1,0,0,1,0,0,0,0,0,0
TDA,0,0,0,10,0,1,0,0,3,0,0,0,0,4,0,0,0,1,0,0,1,0,0,0,0,0,0
UDA,0,0,0,30,0,0,0,1,22,0,0,0,0,4,0,0,0,1,0,0,1,0,0,0,0,1,0
VDA,0,0,0,13,0,0,0,0,5,0,0,0,0,4,0,0,0,1,0,0,1,1,0,0,0,0,1
WDA,0,0,0,31,0,0,0,0,23,0,0,0,0,4,0,0,0,1,0,0,1,1,1,0,0,0,0
XDA,0,0,0,6,0,0,0,0,3,0,0,0,0,2,0,0,0,0,0,0,1,0,0,0,0,0,0
YDA,0,0,0,13,0,0,0,0,5,0,0,0,0,4,0,0,0,1,0,0,1,0,0,0,0,1,1
ZDA,0,0,0,18,1,0,0,0,9,0,0,0,0,4,0,0,0,1,1,0,1,0,0,0,0,0,1
AEA,0,0,0,9,0,0,0,0,3,0,0,0,0,4,0,0,1,0,0,0,1,0,0,0,0,0,0
BEA,0,0,0,8,0,0,0,0,3,0,0,0,0,4,0,0,0,0,0,0,1,0,0,0,0,0,0
CEA,0,0,0,14,0,1,0,0,7,0,0,0,0,4,0,0,0,1,0,0,1,0,0,0,0,0,0
DEA,0,0,0,14,0,1,0,0,6,0,0,0,0,4,0,1,0,1,0,0,1,0,0,0,0,0,0
EEA,0,0,0,13,0,0,0,0,5,0,0,0,0,4,1,0,0,1,0,0,1,0,0,0,0,0,1
FEA,0,0,0,10,0,0,0,0,3,0,0,0,0,4,0,0,1,1,0,0,1,0,0,0,0,0,0
GEA,0,0,0,14,0,0,0,0,7,0,0,0,0,4,0,0,0,1,0,0,1,1,0,0,0,0,0
HEA,0,0,0,19,0,0,0,0,11,0,0,0,0,4,0,0,0,1,0,0,1,1,0,0,0,0,1
IEA,0,0,0,13,0,0,0,0,5,0,0,0,0,4,0,0,0,1,0,0,1,1,0,0,0,0,1
JEA,0,0,0,9,0,0,0,0,3,0,0,0,0,4,0,0,0,0,0,0,1,1,0,0,0,0,0
KEA,0,0,0,8,0,0,0,0,3,0,0,0,0,0,0,0,0,0,0,0,1,0,0,4,0,0,0
LEA,0,0,0,30,0,0,0,0,22,0,0,0,0,4,0,0,0,1,1,0,1,0,1,0,0,0,0
MEA,0,0,0,21,0,0,0,0,13,0,0,0,1,4,0,0,0,1,1,0,1,0,0,0,0,0,0
NEA,0,0,0,51,0,0,0,0,44,0,0,0,0,3,0,0,1,1,0,0,1,0,1,0,0,0,0
OEA,0,0,1,20,0,0,0,0,11,0,0,0,0,4,0,0,0,1,1,0,1,0,0,0,0,0,1
PEA,0,0,0,10,0,0,0,0,3,0,1,0,0,4,0,0,0,1,0,0,1,0,0,0,0,0,0
QEA,0,0,0,7,0,0,0,0,2,0,0,0,0,4,0,0,0,0,0,0,1,0,0,0,0,0,0
REA,0,0,0,6,0,0,0,0,3,0,0,0,0,2,0,0,0,0,0,0,1,0,0,0,0,0,0
SEA,0,0,0,10,0,0,0,0,3,0,0,0,0,3,0,0,0,1,0,0,1,0,0,0,1,0,1
TEA,0,0,0,13,0,0,0,0,5,0,0,0,0,4,0,0,1,1,1,0,1,0,0,0,0,0,0
UEA,0,0,0,3,0,0,0,0,0,0,0,0,0,2,0,0,0,0,0,0,1,0,0,0,0,0,0
VEA,0,0,0,8,0,0,0,0,3,0,0,0,0,4,0,0,0,0,0,0,1,0,0,0,0,0,0
WEA,0,0,0,7,0,0,0,0,2,0,0,0,0,4,0,0,0,0,0,0,1,0,0,0,0,0,0
XEA,0,0,0,12,0,0,0,0,5,0,1,0,0,4,0,0,0,1,0,0,1,0,0,0,0,0,0
YEA,0,0,0,10,0,0,0,0,3,0,0,0,0,4,0,0,1,1,0,0,1,0,0,0,0,0,0
ZEA,0,0,0,18,1,0,0,0,9,0,0,0,0,4,0,0,1,1,0,0,1,0,0,0,0,0,1
AFA,0,0,0,13,0,0,0,0,6,0,0,0,0,3,0,0,0,1,1,0,1,0,0,0,0,0,1
BFA,0,0,0,21,0,0,0,0,12,0,0,0,0,4,0,0,2,1,0,0,1,0,1,0,0,0,0
CFA,0,0,0,18,0,0,0,0,11,0,0,0,1,3,0,0,0,1,1,0,1,0,0,0,0,0,0
DFA,0,0,0,10,0,1,0,0,4,0,0,0,0,0,0,1,0,1,0,0,1,0,0,2,0,0,0
EFA,0,0,0,6,0,0,0,0,3,0,0,0,0,2,0,0,0,0,0,0,1,0,0,0,0,0,0
FFA,0,0,0,3,0,0,0,0,0,0,0,0,0,2,0,0,0,0,0,0,1,0,0,0,0,0,0
GFA,0,0,0,10,0,0,1,0,3,0,0,0,0,4,0,0,0,1,0,0,1,0,0,0,0,0,0
HFA,0,0,0,8,0,0,0,0,3,0,0,0,0,4,0,0,0,0,0,0,1,0,0,0,0,0,0
IFA,0,0,0,8,0,0,0,0,3,0,0,0,0,4,0,0,0,0,0,0,1,0,0,0,0,0,0
