org:group_G|count|literal,org:group_F|count|literal,org:group_R|count|literal,org:group_W|count|literal,org:group_H|count|literal,org:group_L|count|literal,org:group_Q|count|literal,org:group_V|count|literal,org:group_O|count|literal,org:group_P|count|literal,org:group_S|count|literal,org:group_?|count|literal,org:group_N|count|literal,length,org:group_T|count|literal,Case_ID,org:group_J|count|literal,org:group_U|count|literal,org:group_B|count|literal,org:group_D|count|literal,org:group_M|count|literal,org:group_X|count|literal,org:group_Y|count|literal,org:group_E|count|literal,org:group_A|count|literal,org:group_C|count|literal,org:group_I|count|literal,org:group_K|count|literal
0,0,0,0,0,0,0,0,0,0,0,0,0,22,0,A,0,0,15,1,0,0,0,1,4,1,0,0
0,1,0,0,0,0,0,0,0,0,0,0,0,12,0,B,0,0,5,0,0,0,0,1,4,1,0,0
1,0,0,0,1,0,0,0,0,0,0,0,0,14,0,C,0,0,6,0,0,0,0,1,4,1,0,0
0,1,0,0,0,0,0,0,0,0,0,1,0,13,0,D,0,0,5,0,0,0,0,1,4,1,0,0
0,0,0,0,0,0,0,0,0,0,0,0,0,8,0,E,0,0,3,0,0,0,0,0,4,1,0,0
0,0,0,0,0,0,0,0,0,0,0,0,0,10,0,F,0,0,3,0,0,0,0,1,4,1,1,0
0,0,0,0,1,0,0,0,0,0,0,0,0,12,0,G,0,0,5,0,0,0,0,1,4,1,0,0
0,0,0,0,0,0,0,0,0,0,0,0,0,13,0,H,2,0,6,0,0,0,0,1,2,1,0,1
0,0,0,0,0,3,0,0,0,0,0,0,0,11,0,I,0,0,5,0,1,0,0,1,0,1,0,0
0,1,0,0,0,0,0,0,0,0,0,0,0,11,0,J,0,0,4,0,0,0,0,1,4,1,0,0
0,0,0,0,2,0,0,0,0,0,0,1,0,16,0,K,0,0,7,0,0,0,0,1,4,1,0,0
0,0,0,0,0,0,0,0,0,0,0,1,1,15,0,L,0,0,7,0,0,0,0,1,4,1,0,0
0,0,0,0,0,0,0,0,0,0,0,0,0,3,0,M,0,0,0,0,0,0,0,0,2,1,0,0
0,0,0,0,0,0,0,0,1,0,0,0,0,12,0,N,0,0,5,0,0,0,0,1,4,1,0,0
0,0,0,0,0,0,0,0,0,0,0,1,0,11,0,O,0,0,3,0,0,0,0,1,4,1,1,0
0,0,0,0,0,0,0,0,0,0,0,0,0,3,0,P,0,0,0,0,0,0,0,0,2,1,0,0
0,0,0,0,0,2,0,0,0,0,0,0,0,3,0,Q,0,0,0,0,0,0,0,0,0,1,0,0
0,0,0,0,0,0,0,0,0,0,0,0,0,5,0,R,0,0,2,0,0,0,0,0,2,1,0,0
1,1,0,0,0,0,0,0,0,1,0,1,0,19,0,S,0,0,9,0,0,0,0,1,4,1,0,0
0,0,0,0,0,0,1,0,0,0,0,0,0,10,0,T,0,0,3,0,0,0,0,1,4,1,0,0
0,0,0,0,1,0,0,0,0,0,0,0,0,11,0,U,0,0,6,0,0,0,0,1,2,1,0,0
0,0,0,0,0,0,0,0,1,1,0,1,0,21,0,V,0,0,12,0,0,0,0,1,4,1,0,0
0,0,0,0,0,0,1,0,0,0,0,0,0,11,0,W,0,0,4,0,0,0,0,1,4,1,0,0
0,0,0,0,0,0,0,0,0,0,0,1,0,13,0,X,0,0,7,0,1,0,0,1,2,1,0,0
0,0,0,0,0,0,0,0,0,0,0,0,0,8,0,Y,0,0,3,0,0,0,0,0,4,1,0,0
0,0,1,0,0,0,0,0,0,0,0,0,0,10,0,Z,2,0,3,0,0,0,0,1,2,1,0,0
0,0,0,0,0,0,0,0,0,0,0,0,0,8,0,AA,0,0,3,0,0,0,0,0,4,1,0,0
0,1,0,0,0,0,0,0,0,0,0,1,0,13,0,BA,0,0,5,0,0,0,0,1,4,1,0,0
0,0,0,0,0,0,0,0,0,0,0,0,0,8,0,CA,0,0,3,0,0,0,0,0,4,1,0,0
0,0,0,0,0,0,0,0,1,0,0,0,0,12,0,DA,0,0,5,0,0,0,0,1,4,1,0,0
1,1,0,0,0,0,0,0,0,0,0,1,0,15,0,EA,0,0,6,0,0,0,0,1,4,1,0,0
0,0,0,0,0,0,0,0,0,0,0,0,0,8,0,FA,0,0,3,0,0,0,0,0,4,1,0,0
0,0,0,0,0,0,0,0,1,0,0,0,0,12,0,GA,0,0,5,0,0,0,0,1,4,1,0,0
0,0,0,0,0,0,0,0,0,0,0,0,1,11,0,HA,0,0,5,1,0,0,0,1,2,1,0,0
0,0,0,0,0,0,0,0,0,0,0,0,0,8,0,IA,0,0,3,0,0,0,0,0,4,1,0,0
0,1,0,0,0,0,0,0,0,0,0,1,1,14,0,JA,0,0,6,0,0,0,0,1,3,1,0,0
0,0,0,0,1,0,0,0,0,0,0,0,0,16,0,KA,0,0,9,0,0,0,0,1,4,1,0,0
0,0,0,0,0,0,0,0,0,0,0,0,0,5,0,LA,0,0,2,0,0,0,0,0,2,1,0,0
0,0,0,0,0,0,0,0,0,0,1,0,0,14,0,MA,0,0,7,0,0,0,0,1,4,1,0,0
1,0,0,0,0,0,0,0,1,0,0,0,0,24,0,NA,0,0,16,0,0,0,0,1,4,1,0,0
0,0,0,0,0,0,0,0,0,0,0,0,0,11,0,OA,0,0,6,0,0,0,0,0,4,1,0,0
0,0,0,0,0,0,0,0,0,0,0,0,0,6,0,PA,0,0,3,0,0,0,0,0,2,1,0,0
0,0,0,0,0,0,0,0,0,0,0,0,0,14,0,QA,0,0,7,1,0,0,0,1,4,1,0,0
0,0,0,0,0,0,0,0,0,0,0,0,0,3,0,RA,0,0,0,0,0,0,0,0,2,1,0,0
0,0,0,0,0,4,0,0,0,0,0,1,0,14,0,SA,0,0,6,0,1,0,0,1,0,1,0,0
0,0,0,0,0,0,0,0,1,0,0,0,0,10,0,TA,0,0,5,0,0,0,0,1,2,1,0,0
0,0,0,0,0,0,0,0,0,0,0,0,0,11,0,UA,0,0,4,0,0,0,0,1,4,1,1,0
1,0,0,0,0,0,0,0,1,0,0,0,0,13,0,VA,0,0,5,0,0,0,0,1,4,1,0,0
0,1,1,0,0,0,0,0,0,0,0,1,0,8,0,WA,0,0,1,0,0,0,0,1,2,1,0,0
0,0,0,0,0,0,0,0,0,0,0,0,0,3,0,XA,0,0,0,0,0,0,0,0,2,1,0,0
0,0,0,0,0,0,0,0,0,0,0,0,0,6,0,YA,0,0,3,0,0,0,0,0,2,1,0,0
0,0,0,0,0,0,0,0,0,0,0,0,0,8,0,ZA,0,0,3,0,0,0,0,0,4,1,0,0
0,0,0,0,0,0,0,0,0,0,0,0,0,8,0,AB,0,0,3,0,0,0,0,0,4,1,0,0
0,0,0,0,0,0,0,0,0,0,0,0,0,6,0,BB,0,0,3,0,0,0,0,0,2,1,0,0
1,0,0,0,0,0,0,0,1,0,0,0,0,14,0,CB,0,0,6,0,0,0,0,1,4,1,0,0
0,0,0,0,0,0,0,0,0,0,0,0,0,12,0,DB,0,0,5,0,1,0,0,1,4,1,0,0
0,0,0,0,0,0,0,0,0,0,0,0,0,8,0,EB,0,0,3,0,0,0,0,0,4,1,0,0
0,0,0,0,0,0,0,0,0,0,0,0,0,8,0,FB,0,0,3,0,0,0,0,0,4,1,0,0
0,0,0,0,0,0,0,0,1,0,0,1,0,13,0,GB,0,0,5,0,0,0,0,1,4,1,0,0
0,0,0,0,1,0,0,0,0,0,0,0,0,15,1,HB,0,0,7,0,0,0,0,1,4,1,0,0
1,0,0,0,0,0,0,0,1,0,0,0,0,14,0,IB,0,0,6,0,0,0,0,1,4,1,0,0
0,0,0,0,0,0,0,0,0,0,0,0,0,8,0,JB,0,0,3,0,0,0,0,0,4,1,0,0
0,1,0,0,0,0,0,0,0,0,0,1,0,11,0,KB,0,0,3,0,0,0,0,1,4,1,0,0
0,0,0,0,0,0,0,0,0,0,0,0,1,19,0,LB,0,0,11,0,0,0,0,1,4,1,1,0
0,0,0,0,0,0,0,0,0,0,0,0,0,3,0,MB,0,0,0,0,0,0,0,0,2,1,0,0
1,0,0,0,0,0,0,0,0,0,0,0,0,21,0,NB,0,0,13,0,0,0,0,1,4,1,1,0
0,0,0,0,0,0,0,0,0,0,0,0,1,16,0,OB,0,0,9,0,0,0,0,1,4,1,0,0
0,0,0,0,0,0,0,0,1,0,0,1,0,16,0,PB,0,0,8,0,0,0,0,1,4,1,0,0
0,0,0,0,0,0,0,0,0,0,0,1,0,16,0,QB,0,0,8,1,0,0,0,1,4,1,0,0
0,0,0,0,0,2,0,0,0,0,0,0,0,7,0,RB,0,0,2,0,1,0,0,1,0,1,0,0
0,1,0,0,0,0,0,0,0,0,0,1,0,14,0,SB,0,0,5,0,0,0,0,1,4,1,1,0
0,0,0,0,0,0,0,0,0,0,0,1,1,9,0,TB,0,0,3,0,0,0,0,1,2,1,0,0
0,1,0,0,0,0,0,0,0,0,0,0,0,9,0,UB,0,0,3,0,0,0,0,0,4,1,0,0
1,0,0,0,0,0,0,0,0,0,0,1,0,13,0,VB,0,0,5,0,0,0,0,1,3,1,1,0
0,0,0,0,0,0,0,0,0,0,0,0,0,5,0,WB,0,0,2,0,0,0,0,0,2,1,0,0
0,1,0,0,0,0,0,0,0,0,0,0,0,11,0,XB,0,0,4,0,0,0,0,1,4,1,0,0
1,1,0,0,0,0,0,0,0,0,0,0,0,15,0,YB,0,0,7,0,0,0,0,1,4,1,0,0
0,0,0,0,0,0,0,0,1,0,0,1,0,16,0,ZB,0,0,8,0,0,0,0,1,4,1,0,0
0,0,0,0,0,0,0,0,1,0,0,1,0,13,0,AC,0,0,5,0,0,0,0,1,4,1,0,0
0,0,0,0,0,0,0,0,0,0,0,0,0,5,0,BC,0,0,2,0,0,0,0,0,2,1,0,0
0,0,0,0,0,0,1,0,1,0,0,1,0,14,0,CC,0,0,5,0,0,0,0,1,4,1,0,0
0,1,0,0,0,0,0,0,0,0,0,1,0,12,0,DC,0,0,4,0,0,0,0,1,4,1,0,0
0,1,0,0,0,0,0,0,0,0,0,0,0,17,0,EC,0,0,10,0,0,0,0,1,4,1,0,0
0,0,1,0,0,0,0,0,0,0,0,0,0,7,0,FC,0,0,2,0,0,0,0,1,2,1,0,0
0,0,1,0,0,0,0,0,0,0,0,0,0,12,0,GC,0,0,5,0,0,0,0,1,4,1,0,0
0,0,0,0,0,0,0,0,0,0,0,0,0,5,0,HC,0,0,2,0,0,0,0,0,2,1,0,0
0,0,1,0,0,0,0,0,0,0,0,1,0,12,0,IC,0,0,4,0,0,0,0,1,4,1,0,0
0,0,0,0,0,0,1,0,0,0,0,1,0,15,0,JC,0,0,7,0,0,0,0,1,4,1,0,0
0,1,0,0,0,0,0,0,0,0,0,0,0,13,0,KC,0,0,6,0,0,0,0,1,4,1,0,0
0,0,0,0,0,0,0,0,0,0,0,1,0,21,0,LC,0,0,13,0,1,0,0,1,3,1,1,0
0,0,0,0,0,4,0,0,1,0,0,1,0,14,0,MC,0,0,6,0,0,0,0,1,0,1,0,0
0,0,0,0,0,0,0,0,0,0,0,0,0,7,0,NC,0,0,2,0,0,0,0,0,4,1,0,0
0,1,0,0,0,0,0,0,0,1,0,1,0,22,0,OC,0,0,13,0,0,0,0,1,4,1,0,0
0,0,0,0,0,0,0,0,0,0,0,0,0,5,0,PC,0,0,2,0,0,0,0,0,2,1,0,0
0,0,1,0,0,0,0,0,0,0,0,0,0,15,0,QC,0,0,8,0,0,0,0,1,4,1,0,0
1,0,0,0,0,0,0,0,0,0,0,1,0,13,0,RC,0,0,4,0,0,0,0,1,4,1,1,0
0,0,0,0,0,0,0,0,0,0,0,0,0,9,0,SC,0,0,4,0,0,0,0,0,4,1,0,0
0,0,0,0,0,0,0,0,0,1,0,1,0,24,0,TC,0,0,15,0,0,0,0,1,4,1,1,0
1,0,0,0,0,0,0,0,0,1,0,1,0,32,0,UC,0,0,22,0,0,0,0,1,4,1,1,0
0,1,0,0,0,0,0,0,0,0,0,0,0,13,0,VC,0,0,6,0,0,0,0,1,4,1,0,0
1,0,0,0,0,0,0,0,0,0,0,1,0,12,0,WC,0,1,3,0,0,0,0,1,4,1,0,0
0,0,0,0,0,0,0,0,0,0,0,0,0,8,0,XC,0,0,3,0,0,0,0,0,4,1,0,0
0,0,0,0,0,0,0,0,0,0,0,0,0,9,0,YC,0,0,4,0,0,0,0,0,4,1,0,0
0,0,0,0,0,0,0,0,0,0,0,0,0,10,0,ZC,0,0,5,0,0,0,0,0,4,1,0,0
0,1,0,0,0,0,0,0,0,1,1,1,0,29,0,AD,0,0,19,0,0,0,0,1,4,1,0,0
0,0,0,0,1,0,0,0,0,0,0,0,0,12,0,BD,0,0,5,0,0,0,0,1,4,1,0,0
0,0,0,0,0,0,0,0,0,0,0,0,0,8,0,CD,0,0,3,0,0,0,0,0,4,1,0,0
0,0,0,0,0,0,0,1,0,0,0,0,0,8,0,DD,0,0,3,0,0,0,0,1,2,1,0,0
1,0,0,0,0,0,1,0,0,0,0,1,2,33,0,ED,0,0,22,0,0,0,0,1,4,1,0,0
0,0,0,0,0,0,0,0,0,0,0,0,0,11,0,FD,0,0,6,0,0,0,0,0,4,1,0,0
0,0,0,0,0,0,0,0,1,0,0,0,0,14,0,GD,0,0,7,0,0,0,0,1,4,1,0,0
0,0,0,1,0,4,0,0,1,0,0,0,0,32,0,HD,0,0,23,0,0,0,0,1,0,1,0,1
0,0,0,0,0,0,0,0,0,0,0,0,0,3,0,ID,0,0,0,0,0,0,0,0,2,1,0,0
0,1,1,0,0,4,0,0,0,0,0,1,0,14,0,JD,0,0,5,0,0,0,0,1,0,1,0,0
0,1,0,0,0,0,0,0,0,1,0,1,0,17,0,KD,0,0,8,0,0,0,0,1,4,1,0,0
0,0,0,0,0,0,0,0,1,0,0,0,0,14,0,LD,0,0,7,0,0,0,0,1,4,1,0,0
0,0,0,0,0,0,0,0,1,0,0,1,0,15,0,MD,0,0,7,0,0,0,0,1,4,1,0,0
0,0,1,0,0,0,0,0,0,0,0,0,0,16,0,ND,0,0,8,0,0,0,0,1,4,1,1,0
0,0,0,1,0,0,0,0,0,0,0,0,0,118,0,OD,0,0,111,0,0,0,0,1,4,1,0,0
0,0,0,0,0,0,0,0,0,0,0,0,0,9,0,PD,0,0,4,0,0,0,0,0,4,1,0,0
0,0,0,0,0,0,1,0,1,0,0,0,0,12,0,QD,0,0,5,0,0,0,0,1,3,1,0,0
0,0,0,0,0,0,0,0,0,0,0,0,0,7,0,RD,0,0,2,0,0,0,0,0,4,1,0,0
0,0,1,0,0,0,0,0,0,0,0,0,0,14,0,SD,0,0,7,0,0,0,0,1,4,1,0,0
1,0,0,0,0,0,0,0,0,0,0,0,0,16,0,TD,0,0,7,2,0,0,0,1,4,1,0,0
1,0,0,0,0,0,1,0,0,0,0,1,0,31,0,UD,0,0,22,0,0,0,0,1,4,1,0,0
1,1,0,0,0,0,0,0,0,0,0,0,0,11,0,VD,0,0,3,0,0,0,0,1,4,1,0,0
0,0,0,0,0,0,0,0,0,0,0,0,0,3,0,WD,0,0,0,0,0,0,0,0,2,1,0,0
0,0,0,0,0,0,0,0,1,0,0,0,0,10,0,XD,0,0,3,0,0,0,0,1,4,1,0,0
0,0,0,0,0,0,0,0,0,0,0,0,0,8,0,YD,0,0,3,0,0,0,0,0,4,1,0,0
0,0,1,0,0,0,0,0,0,0,0,0,0,7,0,ZD,0,0,2,0,0,0,0,1,2,1,0,0
0,2,0,0,0,0,0,0,0,1,0,1,0,18,0,AE,0,0,8,0,0,0,0,1,4,1,0,0
0,0,0,0,0,0,0,1,0,0,0,1,0,15,1,BE,0,0,6,0,0,0,0,1,4,1,0,0
0,0,0,0,0,0,0,1,0,0,0,0,0,11,1,CE,0,0,3,0,0,0,0,1,4,1,0,0
0,0,0,0,0,0,0,0,0,0,0,0,0,5,0,DE,0,0,2,0,0,0,0,0,2,1,0,0
0,0,0,0,0,0,0,0,0,0,0,0,0,7,0,EE,0,1,2,0,0,0,0,1,2,1,0,0
0,0,0,0,0,0,0,0,0,0,0,1,0,17,0,FE,0,0,11,0,0,0,0,1,2,1,1,0
1,0,0,0,0,0,0,0,1,0,0,0,0,15,0,GE,0,0,7,0,0,0,0,1,4,1,0,0
1,1,0,0,0,0,0,0,0,0,0,0,0,17,0,HE,0,0,9,0,0,0,0,1,4,1,0,0
0,0,0,0,0,0,0,0,0,0,0,0,0,7,0,IE,1,0,2,0,0,0,0,1,2,1,0,0
1,0,0,0,0,0,0,0,1,0,0,1,0,16,0,JE,0,0,7,0,0,0,0,1,4,1,0,0
1,0,0,0,0,0,0,0,1,0,0,1,0,16,0,KE,0,0,7,0,0,0,0,1,4,1,0,0
0,0,0,0,0,0,0,0,0,0,0,0,0,12,0,LE,0,0,5,0,1,0,0,1,4,1,0,0
0,1,0,0,0,0,0,0,0,0,0,1,0,15,0,ME,0,0,7,0,0,0,0,1,4,1,0,0
0,0,0,0,0,0,0,0,0,0,0,0,0,5,0,NE,0,0,2,0,0,0,0,0,2,1,0,0
0,0,0,0,0,0,0,0,0,0,0,0,0,3,0,OE,0,0,0,0,0,0,0,0,2,1,0,0
0,0,0,0,0,0,0,0,0,0,0,0,0,8,0,PE,0,0,3,0,0,0,0,0,4,1,0,0
0,0,0,0,0,0,1,0,0,1,0,1,0,21,0,QE,0,0,12,0,0,0,0,1,4,1,0,0
0,0,0,0,0,0,0,0,0,0,0,0,0,8,0,RE,0,0,3,0,0,0,0,0,4,1,0,0
0,0,0,0,0,0,0,0,1,0,0,0,0,10,0,SE,0,0,3,0,0,0,0,1,4,1,0,0
0,0,0,0,0,0,0,0,0,0,0,0,0,5,0,TE,0,0,2,0,0,0,0,0,2,1,0,0
1,0,0,0,0,0,0,0,0,0,0,0,0,19,0,UE,0,0,11,1,0,0,0,1,4,1,0,0
0,0,0,1,0,0,0,0,0,0,0,0,0,19,0,VE,0,0,12,0,0,0,0,1,4,1,0,0
0,0,0,0,1,0,0,0,0,1,0,1,0,17,0,WE,0,0,10,0,0,0,0,1,2,1,0,0
0,0,0,0,0,0,0,0,0,0,0,0,0,8,0,XE,0,0,3,0,0,0,0,0,4,1,0,0
1,1,0,0,0,0,0,0,0,0,0,0,0,13,0,YE,0,0,5,0,0,0,0,1,4,1,0,0
0,1,0,0,0,0,0,0,0,0,0,0,0,16,0,ZE,0,0,9,0,0,0,0,1,4,1,0,0
0,0,0,0,0,0,0,0,1,0,0,1,0,17,0,AF,0,0,9,0,0,0,0,1,4,1,0,0
0,0,0,0,0,0,0,0,0,0,0,1,0,13,0,BF,0,0,5,0,1,0,0,1,4,1,0,0
0,1,0,0,0,0,0,0,0,0,0,1,0,27,0,CF,0,0,20,0,0,0,0,1,3,1,0,0
0,0,0,0,0,0,0,0,0,0,0,0,0,5,0,DF,0,0,2,0,0,0,0,0,2,1,0,0
0,0,0,0,0,0,0,0,1,0,0,0,0,14,0,EF,0,0,7,0,0,0,0,1,4,1,0,0
0,0,0,0,0,0,0,0,0,0,0,0,0,8,0,FF,0,0,3,0,0,0,0,0,4,1,0,0
0,0,0,1,0,0,0,0,0,0,0,1,0,59,1,GF,0,0,50,0,0,0,0,1,4,1,0,0
0,0,0,0,0,0,1,0,0,0,0,0,0,13,0,HF,0,0,5,0,0,0,0,1,4,1,1,0
0,0,0,0,0,0,0,0,0,0,0,0,0,17,0,IF,0,0,10,1,0,0,0,1,4,1,0,0
0,0,0,0,0,0,0,0,0,0,0,0,0,8,0,JF,0,0,3,0,0,0,0,0,4,1,0,0
1,0,0,0,0,0,0,0,1,0,0,0,0,15,0,KF,0,0,7,0,0,0,0,1,4,1,0,0
0,0,0,0,0,0,0,0,0,0,0,0,0,5,0,LF,0,0,2,0,0,0,0,0,2,1,0,0
0,0,0,0,0,0,0,0,0,0,0,0,0,3,0,MF,0,0,0,0,0,0,0,0,2,1,0,0
1,0,0,0,0,0,1,0,0,0,0,0,0,28,0,NF,0,0,20,0,0,0,0,1,4,1,0,0
0,0,0,0,0,0,0,0,0,0,0,0,0,3,0,OF,0,0,0,0,0,0,0,0,2,1,0,0
1,0,0,0,0,0,0,0,0,0,0,0,0,15,0,PF,0,0,7,0,0,0,0,1,4,1,1,0
1,0,0,0,1,0,0,0,0,0,0,1,0,16,0,QF,0,0,7,0,0,0,0,1,4,1,0,0
1,0,0,0,0,0,0,0,0,0,0,0,0,9,0,RF,0,0,3,0,0,0,0,0,4,1,0,0
0,1,0,0,0,0,0,0,1,0,0,1,0,12,0,SF,0,0,3,0,0,0,0,1,4,1,0,0
0,0,0,0,0,0,0,0,0,0,1,0,0,16,0,TF,0,0,11,0,0,0,0,1,2,1,0,0
0,1,0,1,0,0,0,0,0,0,0,0,1,29,0,UF,0,0,20,0,0,0,0,1,4,1,0,0
0,1,0,0,0,0,0,0,1,0,0,0,0,13,0,VF,0,0,5,0,0,0,0,1,4,1,0,0
0,2,0,0,0,0,0,0,0,0,0,1,0,21,1,WF,0,0,11,0,0,0,0,1,4,1,0,0
0,0,0,0,0,0,0,0,0,0,0,0,0,12,0,XF,0,0,4,0,1,0,0,1,4,1,0,1
0,0,0,1,0,0,0,1,1,0,0,0,0,29,0,YF,0,0,20,0,0,0,0,1,4,1,0,0
0,0,0,0,0,0,0,0,1,0,1,0,0,14,0,ZF,0,0,6,0,0,0,0,1,4,1,0,0
0,0,0,0,0,0,0,0,0,0,0,0,0,5,0,AG,0,0,2,0,0,0,0,0,2,1,0,0
0,0,1,0,0,0,0,0,0,0,0,0,0,10,0,BG,1,0,4,0,0,0,0,1,2,1,0,0
0,0,0,0,0,0,0,0,0,0,0,0,0,15,0,CG,0,0,8,0,0,0,0,1,4,1,1,0
0,0,0,0,0,0,0,0,0,0,0,0,0,12,0,DG,0,0,5,0,0,0,0,1,4,1,1,0
0,0,0,0,0,0,0,0,0,0,0,0,0,5,0,EG,0,0,2,0,0,0,0,0,2,1,0,0
0,1,0,0,0,0,0,0,0,0,0,0,0,11,0,FG,0,0,4,0,0,0,0,1,4,1,0,0
0,0,0,0,0,0,1,0,0,0,0,1,0,18,0,GG,0,0,12,0,0,0,0,1,2,1,0,0
1,1,0,0,0,0,0,0,0,0,0,1,0,15,0,HG,0,0,7,0,0,0,0,1,3,1,0,0
0,0,0,0,0,0,0,0,0,0,1,0,0,18,0,IG,0,0,13,0,0,0,0,1,2,1,0,0
0,0,0,0,0,0,0,0,0,0,0,0,0,13,0,JG,0,0,6,0,0,0,0,1,4,1,1,0
0,0,0,0,0,0,0,0,0,0,0,0,0,16,0,KG,0,0,9,0,0,0,0,1,4,1,1,0
0,0,0,0,0,0,0,0,0,1,0,1,1,41,0,LG,0,0,31,0,0,0,0,1,4,1,1,0
0,0,0,0,0,0,0,0,0,0,0,0,0,6,0,MG,0,0,3,0,0,0,0,0,2,1,0,0
0,0,0,0,0,0,0,0,0,0,0,0,0,6,0,NG,0,0,3,0,0,0,0,0,2,1,0,0
1,1,0,0,0,0,0,0,0,0,0,0,0,9,0,OG,0,0,3,0,0,0,0,1,2,1,0,0
0,0,0,0,0,0,0,0,1,0,0,1,0,13,0,PG,0,0,5,0,0,0,0,1,4,1,0,0
0,1,0,0,0,0,0,0,0,0,0,1,0,13,0,QG,0,0,5,0,0,0,0,1,4,1,0,0
0,0,0,0,0,0,0,0,1,0,0,1,0,33,0,RG,0,0,27,0,0,0,0,1,2,1,0,0
0,0,0,0,0,0,0,0,0,0,0,0,0,5,0,SG,0,0,2,0,0,0,0,0,2,1,0,0
0,0,0,0,0,0,0,0,0,0,0,0,0,11,0,TG,0,0,5,0,1,0,0,1,3,1,0,0
0,0,0,0,0,0,0,0,0,0,0,0,0,8,0,UG,0,0,3,0,0,0,0,0,4,1,0,0
0,1,0,0,0,0,0,0,0,0,0,1,0,16,0,VG,0,0,10,0,0,0,0,1,2,1,0,0
0,0,0,0,0,0,1,0,0,0,0,0,0,14,0,WG,0,0,7,0,0,0,0,1,4,1,0,0
0,0,0,0,0,0,0,0,0,0,0,0,0,8,0,XG,0,0,3,0,0,0,0,0,4,1,0,0
1,0,0,0,0,0,0,0,0,0,0,0,1,29,0,YG,0,0,21,0,0,0,0,1,4,1,0,0
0,1,0,0,0,0,0,0,0,0,0,0,0,10,0,ZG,0,0,3,0,0,0,0,1,4,1,0,0
0,0,0,0,0,0,0,0,0,0,0,0,0,11,0,AH,0,0,5,0,0,0,0,1,3,1,1,0
0,0,1,0,1,0,0,0,0,0,0,0,0,20,1,BH,0,0,11,0,0,0,0,1,4,1,0,0
0,0,0,0,0,0,1,0,0,0,0,0,0,9,0,CH,0,0,3,0,0,0,0,1,3,1,0,0
0,0,0,0,0,0,0,0,1,0,0,1,0,15,0,DH,0,0,7,0,0,0,0,1,4,1,0,0
0,0,0,0,0,0,0,0,0,0,0,0,0,10,0,EH,0,0,3,0,0,0,0,1,4,1,1,0
0,0,0,0,0,0,0,0,1,0,0,1,0,13,0,FH,0,0,6,0,0,0,0,1,3,1,0,0
0,0,0,0,0,0,0,0,0,0,0,0,0,8,0,GH,0,0,3,0,0,0,0,0,4,1,0,0
0,0,0,0,0,0,0,0,0,0,0,0,0,12,0,HH,0,0,5,0,1,0,0,1,4,1,0,0
0,1,0,0,0,0,0,0,0,0,0,1,0,17,0,IH,0,0,7,0,0,0,0,1,4,1,2,0
1,1,0,0,0,0,0,0,0,0,0,1,0,12,0,JH,0,0,3,0,0,0,0,1,4,1,0,0
0,0,0,0,0,0,1,0,0,0,0,0,0,12,0,KH,0,0,5,0,0,0,0,1,4,1,0,0
0,0,0,0,0,0,0,0,0,0,0,0,0,17,0,LH,0,0,12,1,0,0,0,1,2,1,0,0
0,0,0,0,0,0,0,0,0,0,0,0,0,5,0,MH,0,0,2,0,0,0,0,0,2,1,0,0
0,1,0,0,0,0,0,0,0,0,0,1,0,13,0,NH,0,0,5,0,0,0,0,1,4,1,0,0
1,0,0,0,0,0,0,0,1,0,0,1,0,16,0,OH,0,0,7,0,0,0,0,1,4,1,0,0
0,0,0,0,0,0,0,0,0,0,0,0,0,8,0,PH,0,0,3,0,0,0,0,0,4,1,0,0
0,0,0,1,0,0,0,0,0,0,0,0,0,23,0,QH,0,0,18,0,0,0,0,1,2,1,0,0
0,0,0,0,0,0,0,0,0,0,0,0,0,5,0,RH,0,0,2,0,0,0,0,0,2,1,0,0
0,0,0,0,0,0,0,0,0,0,0,1,0,12,0,SH,0,0,5,0,0,0,0,1,3,1,1,0
0,0,0,0,0,0,0,0,1,0,0,0,0,13,0,TH,0,0,6,0,0,0,0,1,4,1,0,0
0,0,0,0,0,0,0,0,0,0,0,0,0,3,0,UH,0,0,0,0,0,0,0,0,2,1,0,0
0,0,0,0,0,0,0,0,0,0,0,0,0,5,0,VH,0,0,2,0,0,0,0,0,2,1,0,0
0,0,0,0,0,0,0,0,0,0,0,0,0,5,0,WH,0,0,2,0,0,0,0,0,2,1,0,0
0,0,1,0,0,0,0,0,0,0,0,0,0,22,0,XH,0,0,14,0,0,0,0,1,4,1,1,0
0,0,0,0,1,0,0,0,0,0,0,0,0,7,0,YH,0,0,2,0,0,0,0,1,2,1,0,0
0,0,1,0,0,0,0,0,1,0,0,0,0,13,0,ZH,0,0,5,0,0,0,0,1,4,1,0,0
0,0,0,0,0,0,0,0,0,0,0,1,0,15,0,AI,0,0,7,0,0,0,0,1,4,1,1,0
0,0,2,0,0,0,0,0,0,0,0,0,0,10,0,BI,0,0,3,0,0,0,0,1,3,1,0,0
0,0,0,0,1,0,0,0,1,0,0,0,0,13,0,CI,0,0,5,0,0,0,0,1,4,1,0,0
0,0,0,0,0,0,0,0,1,0,0,0,0,12,0,DI,0,0,5,0,0,0,0,1,4,1,0,0
1,0,0,0,0,0,0,0,1,0,0,1,0,14,0,EI,0,0,6,0,0,0,0,1,3,1,0,0
0,0,0,0,0,0,0,0,0,0,0,0,0,8,0,FI,0,0,3,0,0,0,0,0,4,1,0,0
0,0,0,0,0,0,0,0,1,0,0,0,0,12,0,GI,0,0,5,0,0,0,0,1,3,1,0,1
0,0,0,0,0,0,0,0,1,0,0,1,0,9,0,HI,0,0,3,0,0,0,0,1,2,1,0,0
0,0,0,0,0,0,0,0,1,0,0,1,0,13,0,II,0,0,5,0,0,0,0,1,4,1,0,0
0,0,0,0,0,0,0,0,0,0,0,0,0,8,0,JI,0,0,3,0,0,0,0,0,4,1,0,0
0,1,0,0,0,0,0,1,0,0,0,1,0,16,0,KI,0,0,7,0,0,0,0,1,4,1,0,0
0,1,0,0,0,0,1,0,0,0,0,1,0,14,0,LI,0,0,5,0,0,0,0,1,4,1,0,0
0,0,0,0,0,0,0,0,0,0,0,0,0,8,0,MI,0,0,3,0,0,0,0,0,4,1,0,0
0,0,0,0,0,0,0,0,1,0,0,1,0,15,0,NI,0,0,7,0,0,0,0,1,4,1,0,0
0,0,0,0,0,0,0,0,0,0,0,0,0,6,0,OI,0,0,3,0,0,0,0,0,2,1,0,0
0,0,0,0,0,0,0,0,1,0,0,0,0,11,0,PI,0,0,4,0,0,0,0,1,4,1,0,0
0,1,0,0,0,0,0,0,0,0,0,0,0,9,0,QI,0,0,3,0,1,0,0,1,2,1,0,0
0,0,1,0,0,0,0,0,1,0,0,1,0,16,0,RI,0,0,7,0,0,0,0,1,4,1,0,0
0,0,0,0,0,0,0,0,0,0,0,0,0,18,0,SI,0,0,10,0,1,0,0,1,4,1,0,1
0,0,0,0,0,0,0,0,1,0,0,0,0,21,0,TI,0,0,15,1,0,0,0,1,2,1,0,0
0,0,0,0,0,0,0,0,0,0,0,0,0,14,0,UI,0,1,7,0,0,0,0,1,4,1,0,0
1,0,0,0,0,0,0,0,1,0,0,1,0,18,0,VI,0,0,9,0,0,0,0,1,4,1,0,0
0,0,1,0,0,0,0,0,0,0,0,1,0,9,0,WI,0,0,3,0,0,0,0,1,2,1,0,0
0,0,0,1,0,0,1,0,2,1,0,1,0,39,0,XI,0,0,27,0,0,0,0,1,4,1,0,0
0,0,0,0,0,0,0,0,1,0,0,0,0,14,0,YI,0,0,7,0,0,0,0,1,4,1,0,0
0,0,1,0,0,0,0,0,0,0,0,0,0,18,0,ZI,1,0,10,0,0,0,0,1,4,1,0,0
0,0,0,0,0,0,1,0,0,0,0,0,0,25,0,AJ,0,0,17,0,0,0,0,1,4,1,1,0
0,1,0,1,0,0,0,0,0,0,0,0,0,21,0,BJ,0,0,13,0,0,0,0,1,4,1,0,0
0,0,0,0,0,0,0,0,2,0,0,0,1,25,0,CJ,0,0,15,0,0,0,0,1,4,1,1,0
0,0,0,1,0,0,0,0,0,0,0,1,0,23,0,DJ,0,0,14,0,0,0,0,1,4,1,1,0
0,1,0,0,0,0,0,0,0,0,0,0,0,11,0,EJ,0,0,5,0,0,0,0,1,3,1,0,0
0,0,0,0,0,0,0,0,0,0,0,1,0,13,1,FJ,0,0,5,0,0,0,0,1,4,1,0,0
0,0,0,1,0,0,0,0,1,0,0,1,0,21,0,GJ,0,0,12,0,0,0,0,1,4,1,0,0
0,0,0,0,0,0,1,0,0,0,0,0,0,15,0,HJ,0,0,8,0,0,0,0,1,4,1,0,0
0,0,0,0,1,0,0,0,0,0,0,0,1,16,0,IJ,0,0,7,0,0,0,0,1,4,1,1,0
0,0,0,0,0,0,0,0,0,0,0,0,0,12,0,JJ,0,0,5,1,0,0,0,1,4,1,0,0
0,0,0,0,0,0,0,0,0,0,0,0,0,10,0,KJ,0,0,4,0,0,0,0,1,3,1,1,0
0,0,2,0,0,0,1,0,1,1,0,0,0,31,0,LJ,0,0,20,0,0,0,0,1,4,1,0,0
0,0,0,0,1,0,0,0,0,0,0,0,0,13,1,MJ,0,0,5,0,0,0,0,1,4,1,0,0
1,0,0,0,0,0,0,0,1,0,0,1,0,14,0,NJ,0,0,5,0,0,0,0,1,4,1,0,0
0,1,0,1,0,0,0,0,0,0,0,0,0,23,0,OJ,0,0,16,0,0,0,0,1,3,1,0,0
0,1,0,0,0,0,0,0,0,0,0,0,0,19,0,PJ,0,0,12,0,0,0,0,1,4,1,0,0
0,0,0,0,0,0,0,0,0,0,0,0,0,14,0,QJ,0,0,7,0,1,0,0,1,4,1,0,0
0,0,0,0,0,0,0,0,0,0,0,0,0,7,0,RJ,0,0,3,0,0,0,0,0,3,1,0,0
0,0,0,0,0,0,0,1,0,0,0,1,0,16,0,SJ,0,0,8,0,0,0,0,1,4,1,0,0
0,0,0,0,0,0,0,0,0,0,0,1,1,15,0,TJ,0,0,7,0,0,0,0,1,4,1,0,0
0,0,0,0,0,0,1,0,0,0,0,1,0,16,0,UJ,0,0,8,0,0,0,0,1,4,1,0,0
0,1,1,0,0,0,0,0,0,0,0,0,0,13,0,VJ,0,0,5,0,0,0,0,1,4,1,0,0
0,0,0,0,0,0,0,0,0,0,0,1,0,13,0,XJ,0,0,5,0,0,0,0,1,4,1,1,0
1,0,0,0,0,0,0,0,0,0,0,0,0,12,1,YJ,0,0,6,0,0,0,0,1,2,1,0,0
0,0,0,0,0,0,0,0,1,0,1,0,0,16,0,ZJ,0,0,8,0,0,0,0,1,4,1,0,0
0,1,0,0,0,0,0,0,0,0,0,0,0,11,0,AK,0,0,5,0,0,0,0,0,4,1,0,0
0,0,0,0,0,0,0,0,0,0,0,1,0,13,0,BK,0,0,5,0,1,0,0,1,4,1,0,0
0,0,0,0,0,0,0,0,0,0,0,0,0,5,0,CK,0,0,2,0,0,0,0,0,2,1,0,0
0,0,0,0,0,0,0,0,0,0,0,1,0,13,0,DK,0,1,5,0,0,0,0,1,4,1,0,0
0,1,0,0,0,0,0,0,0,1,0,0,0,20,0,EK,0,0,12,0,0,0,0,1,4,1,0,0
0,1,0,0,0,0,0,0,0,0,0,0,0,17,0,FK,0,0,10,0,0,0,0,1,4,1,0,0
0,0,0,1,0,0,0,0,0,1,0,0,0,88,0,GK,0,0,78,0,0,0,0,1,4,1,2,0
0,0,0,0,0,0,0,0,0,0,1,0,0,10,0,HK,0,0,3,0,0,0,0,1,4,1,0,0
0,0,0,0,0,2,0,0,0,0,0,0,0,6,0,IK,0,0,3,0,0,0,0,0,0,1,0,0
0,1,0,1,0,0,0,0,0,0,0,0,0,31,0,JK,0,0,23,0,0,0,0,1,4,1,0,0
0,0,0,0,0,0,0,0,0,0,0,0,0,14,0,KK,0,0,7,1,0,0,0,1,4,1,0,0
0,0,0,0,0,0,0,0,1,0,0,0,0,12,0,LK,0,0,5,0,0,0,0,1,4,1,0,0
0,1,0,0,0,0,0,0,0,1,0,1,0,27,0,MK,0,0,18,0,0,0,0,1,4,1,0,0
0,0,0,0,0,0,1,0,0,0,0,0,0,18,0,NK,0,0,11,0,0,0,0,1,4,1,0,0
0,0,0,0,0,0,0,0,0,0,0,1,0,19,0,OK,0,0,11,0,0,0,0,1,4,1,1,0
0,1,0,0,0,0,0,0,0,0,0,1,0,23,0,PK,0,0,15,0,0,0,0,1,4,1,0,0
0,1,0,0,0,0,0,0,0,0,0,0,0,16,0,QK,0,0,10,0,0,0,0,1,3,1,0,0
0,0,0,0,0,4,0,0,0,0,0,0,0,15,0,RK,0,0,8,0,1,0,0,1,0,1,0,0
0,0,0,0,0,0,0,0,2,0,0,1,0,32,0,SK,0,0,23,0,0,0,0,1,4,1,0,0
0,0,0,0,0,0,0,0,0,0,0,0,0,5,0,TK,0,0,2,0,0,0,0,0,2,1,0,0
1,0,0,0,0,0,0,0,0,0,0,1,0,18,0,UK,0,0,11,0,0,0,0,1,2,1,1,0
0,1,0,0,0,0,0,0,2,0,0,0,0,20,0,VK,0,0,11,0,0,0,0,1,4,1,0,0
0,1,0,0,0,0,0,0,0,0,0,0,0,8,0,WK,0,0,2,0,0,0,0,1,3,1,0,0
0,0,0,0,0,2,0,0,0,0,0,0,0,6,0,XK,0,0,3,0,0,0,0,0,0,1,0,0
0,0,0,0,1,0,0,0,0,0,0,1,0,17,0,YK,0,0,9,0,0,0,0,1,4,1,0,0
1,0,0,0,0,0,0,0,0,0,0,0,0,11,0,ZK,0,0,4,0,0,0,0,1,4,1,0,0
0,0,0,0,0,0,0,1,0,0,0,1,0,19,0,AL,0,0,10,0,0,0,0,1,4,1,1,0
2,1,0,0,0,0,0,0,0,0,0,0,0,11,0,BL,0,0,3,0,0,0,0,1,3,1,0,0
0,0,0,0,0,0,0,0,0,0,0,0,0,4,0,CL,0,0,1,0,0,0,0,0,2,1,0,0
0,0,0,0,0,0,0,0,0,0,0,0,0,11,0,DL,0,0,4,0,0,0,0,1,4,1,1,0
0,0,0,0,0,0,0,1,1,0,0,0,0,14,0,EL,0,0,6,0,0,0,0,1,4,1,0,0
0,0,0,0,0,0,1,0,0,0,0,0,0,9,0,FL,0,0,3,0,0,0,0,0,4,1,0,0
0,0,0,0,0,0,0,0,0,0,0,1,0,15,0,GL,0,1,7,0,1,0,0,1,3,1,0,0
0,1,0,0,0,0,0,0,0,0,0,1,0,15,0,HL,0,0,7,0,0,0,0,1,4,1,0,0
0,0,0,0,0,0,0,0,1,0,0,0,0,13,0,IL,0,0,6,0,0,0,0,1,4,1,0,0
1,0,0,0,0,0,0,0,0,0,0,0,0,10,0,JL,0,0,3,0,0,0,0,1,4,1,0,0
0,0,0,0,0,0,0,0,0,0,0,0,0,5,0,KL,0,0,2,0,0,0,0,0,2,1,0,0
0,0,0,0,1,0,0,0,0,0,0,0,0,22,0,LL,0,0,15,0,0,0,0,1,4,1,0,0
0,2,0,1,0,0,0,0,0,0,0,1,0,29,0,ML,0,0,19,0,0,0,0,1,4,1,0,0
0,0,0,0,0,0,0,0,0,0,0,0,0,6,0,NL,0,0,3,0,0,0,0,0,2,1,0,0
0,0,0,0,0,2,0,0,0,0,0,1,0,12,0,OL,0,0,6,0,1,0,0,1,0,1,0,0
0,0,0,0,0,2,0,0,0,0,0,0,0,6,0,PL,0,0,3,0,0,0,0,0,0,1,0,0
0,0,0,0,0,0,0,0,0,0,0,0,0,6,0,QL,0,0,3,0,0,0,0,0,2,1,0,0
0,0,0,0,0,2,0,0,0,0,0,0,0,7,0,RL,0,0,2,0,1,0,0,1,0,1,0,0
1,1,0,0,0,0,0,0,0,0,0,1,0,16,0,SL,0,0,7,0,0,0,0,1,4,1,0,0
1,0,0,0,0,0,0,0,0,0,0,0,0,17,1,TL,0,0,9,0,0,0,0,1,4,1,0,0
0,0,0,0,0,3,0,0,0,0,0,0,0,7,0,UL,0,0,3,0,0,0,0,0,0,1,0,0
0,1,0,0,0,0,0,0,0,0,0,0,0,14,0,VL,0,0,7,0,0,0,0,1,4,1,0,0
0,0,0,0,0,0,0,0,1,0,0,0,0,9,0,WL,0,0,4,0,0,0,0,1,2,1,0,0
0,0,0,0,0,0,0,0,1,0,0,1,0,14,0,XL,0,0,6,0,0,0,0,1,4,1,0,0
0,1,0,0,0,0,0,0,0,0,0,1,0,18,0,YL,0,0,10,0,0,0,0,1,4,1,0,0
0,1,0,0,0,0,0,0,0,0,0,1,0,13,0,ZL,0,0,5,0,0,0,0,1,4,1,0,0
0,0,0,0,0,0,0,0,0,0,0,0,0,5,0,AM,0,0,2,0,0,0,0,0,2,1,0,0
0,1,0,0,0,0,0,0,0,0,0,0,0,9,0,BM,0,0,2,0,0,0,0,1,4,1,0,0
1,0,0,0,0,0,0,0,1,0,0,0,0,15,0,CM,0,0,8,0,0,0,0,1,3,1,0,0
0,0,0,0,0,0,0,0,0,0,0,0,0,8,0,DM,0,0,3,0,0,0,0,0,4,1,0,0
0,0,0,1,0,0,1,0,0,0,0,1,0,29,0,EM,0,0,20,0,0,0,0,1,4,1,0,0
0,0,0,0,0,4,0,0,0,0,0,0,0,16,0,FM,0,0,9,0,1,0,0,1,0,1,0,0
1,0,0,0,0,0,0,0,0,0,0,0,0,13,0,GM,0,0,5,1,0,0,0,1,4,1,0,0
1,1,0,0,0,0,0,0,0,0,0,0,0,15,0,HM,0,0,9,0,0,0,0,1,2,1,0,0
0,0,0,1,0,0,0,0,1,0,0,0,0,37,0,IM,0,0,29,0,0,0,0,1,4,1,0,0
0,0,1,0,0,0,0,0,0,0,0,0,0,13,0,JM,1,0,7,0,0,0,0,1,2,1,0,0
0,0,0,1,0,0,0,0,0,1,0,1,0,170,2,KM,0,0,159,0,0,0,0,1,4,1,0,0
0,0,0,0,0,0,0,0,0,1,1,0,0,35,0,LM,0,0,27,0,0,0,0,1,4,1,0,0
0,0,0,0,0,0,0,0,0,0,0,0,0,20,1,MM,0,0,15,0,0,0,0,1,2,1,0,0
1,0,0,0,0,0,0,0,0,0,0,1,0,15,0,NM,0,0,6,0,1,0,0,1,4,1,0,0
1,0,0,0,0,0,0,0,0,0,0,1,0,19,0,OM,0,0,10,0,0,0,0,1,4,1,1,0
0,0,0,0,0,4,0,0,0,0,0,0,0,8,0,PM,0,0,3,0,0,0,0,0,0,1,0,0
0,0,0,0,0,0,0,0,0,0,0,0,0,12,0,QM,0,0,5,0,0,0,0,1,4,1,1,0
0,0,0,0,0,0,0,1,0,0,0,0,0,7,0,RM,0,0,2,0,0,0,0,1,2,1,0,0
0,0,0,0,0,0,1,0,0,2,0,1,0,40,0,SM,0,0,30,0,0,0,0,1,4,1,0,0
0,0,0,0,0,0,0,0,0,0,0,0,0,7,0,TM,0,0,2,0,0,0,0,0,4,1,0,0
0,0,0,0,0,0,0,0,0,0,0,0,0,9,0,UM,0,0,4,0,0,0,0,0,4,1,0,0
0,0,0,0,0,0,0,0,0,0,1,0,0,15,0,VM,0,0,8,0,0,0,0,1,4,1,0,0
0,1,0,0,0,0,0,0,0,0,0,1,0,16,0,WM,0,0,8,0,0,0,0,1,4,1,0,0
0,1,0,0,0,0,1,0,0,0,0,1,0,18,0,XM,0,0,9,0,0,0,0,1,4,1,0,0
0,0,0,0,0,0,0,0,1,0,0,1,0,13,0,YM,0,0,5,0,0,0,0,1,4,1,0,0
0,1,0,0,0,0,0,0,1,0,0,0,0,28,0,ZM,0,0,20,0,0,0,0,1,4,1,0,0
0,0,0,0,0,0,0,0,0,0,0,0,0,8,0,AN,0,0,3,0,0,0,0,0,4,1,0,0
0,1,0,0,0,0,0,0,0,0,0,0,0,26,0,BN,0,0,19,0,0,0,0,1,4,1,0,0
0,0,0,0,0,0,0,0,1,0,0,0,0,11,0,CN,0,0,3,0,0,1,0,1,4,1,0,0
0,0,0,0,0,0,0,0,0,0,0,0,0,5,0,DN,0,0,2,0,0,0,0,0,2,1,0,0
0,0,0,0,0,0,0,0,0,0,0,0,0,8,0,EN,0,0,3,0,0,0,0,0,4,1,0,0
0,0,0,0,0,0,0,0,0,0,0,0,0,23,0,FN,0,0,15,0,1,0,0,1,4,1,0,1
1,0,0,1,0,0,0,0,1,0,0,1,0,41,2,GN,0,0,29,0,0,0,0,1,4,1,0,0
1,1,0,0,0,0,0,0,0,0,0,1,0,18,0,HN,0,0,9,0,0,0,0,1,4,1,0,0
0,0,0,0,0,0,0,0,0,0,0,0,0,11,0,IN,0,0,5,1,0,0,0,0,4,1,0,0
0,1,0,0,0,0,0,0,0,0,0,0,0,12,0,JN,0,0,5,0,0,0,0,1,4,1,0,0
1,0,0,0,0,0,0,0,0,0,0,0,1,14,0,KN,0,0,5,1,0,0,0,1,4,1,0,0
0,0,0,0,0,0,0,0,0,0,0,1,0,15,0,LN,0,0,7,0,1,0,0,1,4,1,0,0
0,0,0,1,0,0,0,0,1,0,1,1,0,33,0,MN,1,0,24,0,0,0,0,1,2,1,0,0
0,0,0,0,0,0,0,0,0,0,1,0,0,13,0,NN,0,0,6,0,0,0,0,1,4,1,0,0
1,1,0,0,0,0,0,0,0,0,0,0,0,15,0,ON,0,0,7,0,0,0,0,1,4,1,0,0
0,0,0,0,0,2,0,0,0,0,0,0,0,6,0,PN,0,0,3,0,0,0,0,0,0,1,0,0
0,0,0,0,0,0,0,0,0,0,0,0,0,16,0,QN,0,0,8,0,1,0,0,1,4,1,0,1
0,1,0,0,0,0,0,0,0,0,0,0,0,20,0,RN,0,0,13,0,0,0,0,1,4,1,0,0
0,0,0,0,0,0,0,0,0,0,0,0,0,8,0,SN,0,0,3,0,0,0,0,0,4,1,0,0
0,0,0,1,0,0,1,1,0,0,2,0,0,27,0,TN,0,0,16,0,0,0,0,1,4,1,0,0
0,0,0,0,0,0,0,0,0,0,0,0,0,5,0,UN,0,0,2,0,0,0,0,0,2,1,0,0
0,0,0,0,2,0,0,0,0,1,0,1,0,28,0,VN,0,0,18,0,0,0,0,1,4,1,0,0
0,1,0,0,0,0,0,0,0,0,0,1,0,23,0,WN,0,0,15,0,0,0,0,1,4,1,0,0
0,0,0,0,0,0,0,0,1,0,0,1,0,16,0,XN,1,0,7,0,0,0,0,1,4,1,0,0
0,0,0,0,0,0,0,0,0,0,0,0,0,7,0,YN,0,0,4,0,0,0,0,0,2,1,0,0
0,0,0,0,0,0,0,0,0,0,0,0,0,5,0,ZN,0,0,2,0,0,0,0,0,2,1,0,0
0,0,0,0,0,0,0,1,0,0,0,1,0,7,0,AO,0,0,1,0,0,0,0,1,2,1,0,0
0,0,0,0,0,0,0,0,0,0,0,0,0,6,0,BO,0,0,3,0,0,0,0,0,2,1,0,0
0,0,0,0,0,3,0,0,0,0,0,0,0,8,0,CO,0,0,2,0,1,0,0,1,0,1,0,0
0,1,0,0,0,0,0,0,1,0,0,1,0,16,0,DO,0,0,7,0,0,0,0,1,4,1,0,0
0,0,0,0,0,0,0,0,0,0,0,1,0,15,0,EO,0,0,7,0,0,0,0,1,4,1,1,0
0,1,1,1,0,0,0,0,0,0,0,0,0,28,0,FO,0,0,19,0,0,0,0,1,4,1,0,0
0,1,0,0,0,0,1,0,0,1,0,0,0,20,0,GO,0,0,11,0,0,0,0,1,4,1,0,0
0,0,0,0,0,0,1,0,0,0,0,0,0,25,0,HO,0,0,18,0,0,0,0,1,4,1,0,0
1,0,0,0,0,0,1,0,0,0,0,1,0,17,0,IO,0,0,8,0,0,0,0,1,4,1,0,0
1,0,0,0,0,0,0,0,0,0,0,1,0,12,0,JO,0,0,3,0,1,0,0,1,4,1,0,0
0,0,0,0,0,0,0,0,0,0,0,1,0,16,0,KO,0,0,8,0,1,0,0,1,4,1,0,0
0,0,0,0,0,0,0,0,0,0,0,0,0,8,0,LO,0,0,3,0,0,0,0,0,4,1,0,0
0,0,0,0,0,0,0,0,0,0,0,0,0,10,0,MO,0,0,3,0,0,0,0,1,4,1,1,0
1,1,0,0,0,0,0,0,0,0,0,0,0,13,0,NO,0,0,5,0,0,0,0,1,4,1,0,0
0,0,0,0,0,0,1,0,0,0,0,0,0,11,0,OO,0,0,5,0,0,0,0,1,3,1,0,0
0,0,0,0,0,0,1,0,0,0,0,0,0,13,0,PO,0,0,7,0,0,0,0,1,3,1,0,0
1,0,0,0,0,0,0,0,0,0,0,1,0,13,0,QO,0,0,5,0,0,0,0,1,4,1,0,0
0,0,0,1,0,0,0,0,0,0,0,0,0,17,0,RO,0,0,11,0,0,0,0,0,4,1,0,0
0,1,0,0,0,0,0,0,0,0,0,1,0,16,0,SO,0,0,8,0,0,0,0,1,4,1,0,0
0,0,0,0,0,0,0,0,1,1,0,1,0,34,0,TO,0,0,25,0,0,0,0,1,4,1,0,0
0,0,1,0,0,0,0,0,0,0,0,0,0,7,0,UO,0,0,3,0,0,0,0,0,2,1,0,0
0,1,0,0,0,0,0,0,0,0,0,1,0,22,0,VO,0,0,14,0,0,0,0,1,4,1,0,0
0,0,0,0,0,0,0,0,0,0,0,1,0,18,0,WO,0,0,10,1,0,0,0,1,4,1,0,0
0,0,0,0,0,0,0,0,0,0,0,0,0,9,1,XO,0,0,3,0,0,0,0,1,3,1,0,0
1,0,0,0,0,0,0,0,0,0,0,0,0,27,1,YO,0,0,19,0,0,0,0,1,4,1,0,0
0,1,0,0,0,0,0,0,0,0,0,0,0,12,0,ZO,0,0,5,0,0,0,0,1,4,1,0,0
1,0,0,0,0,0,0,0,0,0,0,0,0,11,0,AP,0,0,5,0,0,0,0,0,4,1,0,0
0,0,0,1,0,2,0,0,0,0,0,0,0,22,2,BP,0,0,15,0,0,0,0,1,0,1,0,0
1,0,0,0,0,0,0,0,0,0,0,0,0,15,0,CP,0,0,7,1,0,0,0,1,4,1,0,0
0,0,0,0,0,0,0,0,0,0,0,0,0,14,0,DP,0,0,7,0,0,0,0,1,4,1,1,0
0,0,0,0,0,0,0,0,0,0,0,0,0,8,0,EP,0,0,3,0,0,0,0,0,4,1,0,0
0,0,0,0,0,0,0,0,0,0,0,0,0,6,0,FP,0,0,2,0,0,0,0,0,3,1,0,0
0,1,0,0,0,0,0,0,0,0,0,0,0,10,0,GP,0,0,3,0,0,0,0,1,4,1,0,0
0,0,1,0,0,0,0,0,1,0,0,0,0,11,0,HP,0,0,5,0,0,0,0,1,2,1,0,0
0,0,0,0,0,0,0,0,0,0,0,1,0,16,0,IP,0,0,7,0,1,0,0,1,4,1,0,1
0,0,0,0,0,0,0,0,0,0,0,0,0,5,0,JP,0,0,2,0,0,0,0,0,2,1,0,0
0,0,1,0,0,0,0,0,0,0,0,0,0,10,0,KP,0,0,3,0,0,0,0,1,4,1,0,0
0,0,0,0,0,0,0,0,1,0,0,0,0,19,0,LP,0,0,12,0,0,0,0,1,4,1,0,0
0,0,0,0,0,0,0,0,1,0,0,1,0,22,0,MP,0,0,14,0,0,0,0,1,4,1,0,0
0,1,0,0,0,0,0,0,0,0,0,1,0,16,0,NP,0,0,8,0,0,0,0,1,4,1,0,0
0,0,0,0,0,0,0,0,0,0,0,0,0,8,0,OP,0,0,3,0,0,0,0,0,4,1,0,0
0,0,0,0,0,0,0,0,0,0,0,0,0,5,0,PP,0,0,2,0,0,0,0,0,2,1,0,0
1,1,0,0,0,0,0,0,0,0,0,0,0,17,0,QP,0,0,9,0,0,0,0,1,4,1,0,0
0,0,0,0,0,0,0,0,0,0,0,0,0,14,1,RP,0,0,9,0,0,0,0,1,2,1,0,0
0,0,0,0,0,0,0,0,0,0,0,0,0,3,0,SP,0,0,0,0,0,0,0,0,2,1,0,0
1,0,0,0,0,0,0,0,0,0,0,0,0,15,0,TP,0,0,7,0,0,0,0,1,4,1,1,0
1,0,0,0,0,0,1,0,0,0,0,0,0,11,0,UP,0,0,3,0,0,0,0,1,4,1,0,0
1,0,0,0,0,0,1,0,0,0,0,0,0,15,0,VP,0,0,7,0,0,0,0,1,4,1,0,0
0,1,0,0,0,0,0,0,0,1,0,0,0,16,0,WP,0,0,8,0,0,0,0,1,4,1,0,0
0,0,0,0,0,0,1,0,0,0,0,0,0,13,0,XP,0,0,5,0,0,0,0,1,4,1,1,0
0,0,2,0,0,0,0,0,0,0,0,0,0,30,1,YP,0,0,21,0,0,0,0,1,4,1,0,0
0,0,0,0,0,0,0,0,1,0,0,0,0,12,0,ZP,0,0,5,0,0,0,0,1,4,1,0,0
0,0,0,0,0,0,0,0,1,0,0,0,0,14,0,AQ,0,0,7,0,0,0,0,1,4,1,0,0
0,0,0,0,0,0,0,0,0,0,0,0,0,12,0,BQ,0,0,5,0,0,0,0,1,4,1,1,0
1,0,0,0,0,0,0,0,1,0,0,0,0,13,0,CQ,0,0,5,0,0,0,0,1,4,1,0,0
0,0,0,0,0,0,0,0,0,0,0,0,0,8,0,DQ,0,0,3,0,0,0,0,0,4,1,0,0
0,2,0,0,0,0,0,0,0,0,0,1,0,30,0,EQ,0,0,21,0,0,0,0,1,4,1,0,0
0,0,0,0,0,0,0,0,0,0,0,0,1,8,0,FQ,0,0,3,0,0,0,0,1,2,1,0,0
0,1,0,0,0,0,0,0,0,0,0,0,0,10,0,GQ,0,0,4,0,0,0,0,1,3,1,0,0
1,0,0,0,0,0,0,0,1,0,0,0,0,13,0,HQ,0,0,5,0,0,0,0,1,4,1,0,0
0,0,0,0,1,4,0,0,0,0,0,1,0,13,0,IQ,0,0,5,0,0,0,0,1,0,1,0,0
0,1,0,0,0,0,0,0,0,0,0,0,0,18,0,JQ,0,0,11,0,0,0,0,1,4,1,0,0
0,0,1,0,0,0,0,0,0,0,0,1,0,11,0,KQ,0,0,5,0,0,0,0,1,2,1,0,0
0,0,0,0,0,0,0,0,0,0,0,1,0,21,0,LQ,0,1,12,0,1,0,0,1,4,1,0,0
1,1,0,0,0,0,0,0,0,0,0,1,0,16,0,MQ,0,0,8,0,0,0,0,1,3,1,0,0
0,0,0,0,0,0,0,0,0,0,0,0,0,5,0,NQ,0,0,2,0,0,0,0,0,2,1,0,0
0,0,0,0,0,0,0,0,1,0,0,0,0,12,0,OQ,0,0,6,0,0,0,0,1,3,1,0,0
0,0,0,0,0,2,0,0,0,0,0,0,0,5,0,PQ,0,0,0,0,1,0,0,1,0,1,0,0
0,0,0,0,0,0,0,0,1,0,0,0,0,10,0,QQ,0,0,4,0,0,0,0,1,3,1,0,0
0,0,0,0,0,0,0,0,0,0,0,0,0,8,0,RQ,0,0,3,0,0,0,0,0,4,1,0,0
0,0,0,0,0,0,0,0,0,0,0,0,0,12,0,SQ,1,0,7,0,0,0,0,1,2,1,0,0
0,0,0,0,0,0,0,0,0,0,0,1,0,15,0,TQ,0,0,7,0,1,0,0,1,4,1,0,0
1,0,0,0,0,0,0,0,0,0,0,1,0,12,0,UQ,0,0,5,0,0,0,0,1,2,1,1,0
0,0,0,0,0,0,0,0,0,0,0,0,0,12,0,VQ,0,0,5,0,1,0,0,1,4,1,0,0
0,1,0,0,0,0,0,0,0,0,0,1,0,13,0,WQ,0,0,5,0,0,0,0,1,4,1,0,0
1,1,0,0,0,0,0,0,0,0,0,1,0,14,0,XQ,0,0,5,0,0,0,0,1,4,1,0,0
0,0,0,0,0,0,0,0,1,0,0,0,0,12,0,YQ,0,0,5,0,0,0,0,1,4,1,0,0
0,0,0,0,0,0,0,0,0,0,0,1,0,21,0,ZQ,0,0,13,1,0,0,0,1,4,1,0,0
0,0,0,0,0,0,0,0,0,0,0,1,0,23,0,AR,0,0,15,1,0,0,0,1,4,1,0,0
0,1,0,0,0,0,0,0,0,0,0,1,0,11,0,BR,0,0,3,0,0,0,0,1,4,1,0,0
0,0,0,0,0,0,0,0,0,0,0,1,1,17,0,CR,0,0,9,0,0,0,0,1,4,1,0,0
1,1,0,0,0,0,0,0,0,0,0,0,0,15,0,DR,0,0,7,0,0,0,0,1,4,1,0,0
0,0,0,0,0,0,0,0,0,0,0,0,0,8,0,ER,0,0,3,0,0,0,0,0,4,1,0,0
1,0,0,0,0,0,0,0,0,0,0,0,0,9,0,FR,0,0,3,0,0,0,0,0,4,1,0,0
0,0,0,0,0,0,0,0,0,0,0,0,0,5,0,GR,0,0,2,0,0,0,0,0,2,1,0,0
0,1,0,0,0,0,0,0,0,0,0,0,0,10,0,HR,0,0,3,0,0,0,0,1,4,1,0,0
0,0,0,0,0,4,0,0,0,0,0,0,0,9,0,IR,0,0,3,0,0,0,0,0,0,2,0,0
0,0,0,0,0,0,0,0,1,0,0,1,0,16,0,JR,0,0,8,0,0,0,0,1,4,1,0,0
0,0,0,0,0,0,0,0,0,0,0,0,0,9,0,KR,0,0,3,1,0,0,0,0,4,1,0,0
0,1,0,0,0,0,0,0,0,0,0,0,0,12,0,LR,0,0,5,0,0,0,0,1,4,1,0,0
1,0,0,0,2,0,0,0,0,0,0,0,0,12,0,MR,0,0,3,0,0,0,0,1,4,1,0,0
0,0,0,0,0,0,0,0,0,0,0,0,1,19,0,NR,0,0,11,1,0,0,0,1,4,1,0,0
0,0,0,0,0,0,0,0,1,1,0,1,0,22,0,OR,0,0,13,0,0,0,0,1,4,1,0,0
0,1,0,0,0,0,0,0,0,0,0,0,0,14,0,PR,0,0,8,1,0,0,0,1,2,1,0,0
0,0,0,0,0,0,0,0,0,0,0,0,0,5,0,QR,0,0,2,0,0,0,0,0,2,1,0,0
0,0,0,0,1,0,0,0,0,0,0,1,0,11,0,RR,0,0,3,0,0,0,0,1,4,1,0,0
0,0,0,0,0,0,0,0,0,0,0,0,0,13,0,SR,0,0,6,0,1,0,0,1,4,1,0,0
0,1,0,0,0,0,0,0,0,0,0,0,0,8,0,TR,0,0,3,0,0,0,0,1,2,1,0,0
1,0,0,0,0,0,0,0,0,0,0,0,0,15,0,UR,0,0,7,1,0,0,0,1,4,1,0,0
1,0,0,0,0,0,0,0,0,0,0,1,0,16,0,VR,0,0,7,1,0,0,0,1,4,1,0,0
0,0,0,0,0,0,0,0,0,0,0,0,0,18,0,WR,0,0,11,1,0,0,0,1,4,1,0,0
0,0,0,0,0,0,0,0,0,0,0,0,0,6,0,XR,0,0,2,0,0,0,0,0,3,1,0,0
0,0,0,0,0,0,0,0,0,0,0,0,0,17,0,YR,0,0,10,1,0,0,0,1,4,1,0,0
0,0,0,0,0,4,0,0,0,0,0,0,0,13,0,ZR,0,0,6,0,1,0,0,1,0,1,0,0
0,0,0,1,0,0,0,0,0,0,0,0,0,22,0,AS,0,0,15,0,0,0,0,1,4,1,0,0
0,0,0,0,0,4,0,0,0,0,0,0,0,13,0,BS,0,0,6,0,1,0,0,1,0,1,0,0
0,0,0,0,0,0,0,0,0,0,0,0,0,7,0,CS,0,0,3,0,0,0,0,0,3,1,0,0
0,2,0,0,0,0,0,0,0,0,0,0,0,15,0,DS,0,0,7,0,0,0,0,1,4,1,0,0
1,2,0,0,0,4,0,0,1,1,0,1,0,48,0,ES,0,0,36,0,0,0,0,1,0,1,0,0
0,0,0,0,0,0,0,0,0,0,0,0,0,6,0,FS,0,0,3,0,0,0,0,0,2,1,0,0
1,0,0,0,0,0,0,0,0,0,0,0,0,16,0,GS,0,0,10,1,0,0,0,1,2,1,0,0
0,1,0,1,0,4,0,0,0,0,0,1,0,45,0,HS,0,0,36,0,0,0,0,1,0,1,0,0
0,0,0,0,0,0,0,0,0,0,0,0,0,23,1,IS,0,0,16,0,0,0,0,1,4,1,0,0
0,0,0,0,0,0,1,0,0,0,0,0,0,39,0,JS,0,0,32,0,0,0,0,1,4,1,0,0
1,0,0,0,0,0,0,0,1,0,0,1,0,22,0,KS,0,0,13,0,0,0,0,1,4,1,0,0
0,0,0,0,0,0,0,0,0,0,0,1,0,15,0,LS,0,1,7,0,0,0,0,1,4,1,0,0
1,0,0,0,0,0,0,0,1,0,0,1,0,15,0,MS,0,0,6,0,0,0,0,1,4,1,0,0
0,0,0,0,0,0,0,0,0,0,0,0,0,6,0,NS,0,0,3,0,0,0,0,0,2,1,0,0
0,0,0,0,0,0,0,0,0,0,0,1,0,12,0,OS,0,0,4,0,0,0,0,1,4,1,1,0
0,0,0,0,0,0,0,0,0,0,0,0,0,10,0,PS,0,0,3,0,1,0,0,1,4,1,0,0
1,0,0,0,0,4,0,0,0,0,0,0,0,12,0,QS,0,0,5,0,0,0,0,1,0,1,0,0
0,1,0,0,0,0,0,0,0,0,0,0,0,10,0,RS,0,0,3,0,0,0,0,1,4,1,0,0
0,0,0,0,0,0,0,0,1,0,0,1,0,13,0,SS,0,0,5,0,0,0,0,1,4,1,0,0
0,0,0,0,0,0,0,0,0,0,0,0,0,20,0,TS,0,0,13,1,0,0,0,1,4,1,0,0
1,0,0,0,0,0,0,0,0,0,0,0,0,15,0,US,0,0,7,0,0,0,0,1,4,1,1,0
0,1,0,0,0,0,0,0,0,0,0,0,0,16,0,VS,0,0,8,0,0,0,0,1,4,1,1,0
0,0,0,0,0,0,0,0,0,0,0,0,0,6,0,WS,0,0,3,0,0,0,0,0,2,1,0,0
0,0,0,0,0,0,0,0,0,0,0,1,0,21,0,XS,0,0,13,1,0,0,0,1,4,1,0,0
0,0,0,0,0,0,0,0,1,1,0,1,0,23,0,YS,0,0,14,0,0,0,0,1,4,1,0,0
0,0,0,0,0,0,0,1,0,0,0,1,0,14,0,ZS,0,0,6,0,0,0,0,1,4,1,0,0
0,0,0,0,0,0,0,0,0,0,0,0,0,8,0,AT,0,0,3,0,0,0,0,0,4,1,0,0
0,0,0,0,0,0,1,0,0,0,0,1,0,13,0,BT,0,0,5,0,0,0,0,1,4,1,0,0
0,0,0,0,0,0,0,0,1,0,0,0,0,12,0,CT,0,0,5,0,0,0,0,1,4,1,0,0
0,0,1,0,0,0,0,0,0,0,0,0,0,9,0,DT,1,0,3,0,0,0,0,1,2,1,0,0
0,0,0,0,1,0,0,0,0,0,0,0,0,10,0,ET,0,0,3,0,0,0,0,1,4,1,0,0
0,0,0,1,0,0,0,0,0,0,0,0,1,37,0,FT,0,0,29,0,0,0,0,1,3,1,1,0
0,1,0,0,0,0,0,0,0,0,0,1,0,22,0,GT,0,0,15,1,0,0,0,1,2,1,0,0
0,0,0,0,0,0,0,0,1,0,0,0,0,14,0,HT,0,0,7,0,0,0,0,1,4,1,0,0
1,0,0,0,0,0,0,0,0,0,0,1,0,16,0,IT,0,0,7,1,0,0,0,1,4,1,0,0
0,1,0,0,1,0,0,0,0,0,0,0,0,14,0,JT,0,0,7,0,0,0,0,1,3,1,0,0
0,0,0,0,0,0,0,0,0,0,0,0,0,13,0,KT,0,0,5,0,1,0,0,1,4,1,0,1
0,0,0,0,2,0,0,0,0,1,0,0,0,29,2,LT,0,0,19,0,0,0,0,1,3,1,0,0
0,1,0,0,0,0,0,0,0,0,0,1,0,12,0,MT,0,0,4,0,0,0,0,1,4,1,0,0
0,0,0,0,0,4,0,0,0,0,0,0,0,17,0,NT,0,1,9,0,1,0,0,1,0,1,0,0
1,1,0,0,0,0,0,0,0,0,0,1,0,16,0,OT,0,0,7,0,0,0,0,1,4,1,0,0
0,1,0,0,0,0,0,0,0,0,0,0,0,13,0,PT,0,0,5,0,0,0,0,1,4,1,1,0
0,0,0,0,0,0,0,0,1,0,0,0,0,11,0,QT,0,0,5,0,0,0,0,0,4,1,0,0
0,1,0,0,0,0,0,0,0,0,0,1,0,11,0,RT,0,0,3,0,0,0,0,1,4,1,0,0
1,0,0,0,0,0,0,0,1,0,0,1,0,17,0,ST,0,0,8,0,0,0,0,1,4,1,0,0
0,0,0,0,0,0,0,0,0,0,0,0,0,5,0,TT,0,0,2,0,0,0,0,0,2,1,0,0
0,0,0,0,0,0,0,0,1,0,0,0,0,12,0,UT,0,0,5,0,0,0,0,1,4,1,0,0
1,0,0,0,0,0,0,0,0,0,0,0,0,16,0,VT,0,0,7,0,0,0,0,1,4,1,2,0
0,0,0,0,0,0,1,0,0,0,0,1,0,18,0,WT,0,0,9,0,1,0,0,1,4,1,0,0
0,1,0,0,0,0,0,0,0,0,0,1,0,18,0,XT,0,0,10,0,0,0,0,1,4,1,0,0
0,1,0,0,0,0,0,0,1,0,0,1,0,17,0,YT,0,0,8,0,0,0,0,1,4,1,0,0
0,0,0,0,0,0,0,0,0,0,0,0,0,13,0,ZT,0,0,6,1,0,0,0,1,4,1,0,0
0,0,0,0,0,0,1,0,0,0,0,0,0,12,0,AU,0,0,5,0,0,0,0,1,4,1,0,0
0,0,0,0,0,4,0,0,0,0,0,0,0,14,0,BU,0,1,7,0,0,0,0,1,0,1,0,0
0,0,0,0,0,0,0,0,0,0,1,1,0,11,0,CU,0,0,5,0,0,0,0,1,2,1,0,0
1,0,0,0,0,0,0,0,0,0,0,0,0,9,0,DU,0,0,3,0,0,0,0,0,4,1,0,0
0,0,0,0,1,0,0,0,0,0,0,1,0,14,0,EU,0,0,6,0,0,0,0,1,4,1,0,0
0,0,0,0,0,0,0,0,1,0,0,0,0,12,0,FU,0,0,7,0,0,0,0,1,2,1,0,0
0,0,0,0,1,0,0,0,0,0,0,1,0,15,0,GU,0,0,7,0,0,0,0,1,4,1,0,0
0,0,0,0,0,0,0,0,0,0,0,0,0,3,0,HU,0,0,0,0,0,0,0,0,2,1,0,0
0,0,1,0,0,0,0,0,0,0,0,0,0,15,0,IU,0,0,7,0,1,0,0,1,4,1,0,0
0,0,0,0,0,0,1,0,1,0,0,0,0,16,0,JU,0,0,8,0,0,0,0,1,4,1,0,0
0,0,0,0,0,0,0,0,0,0,0,0,0,8,0,KU,0,0,3,0,0,0,0,0,4,1,0,0
0,0,0,0,0,0,0,0,0,0,0,1,0,13,0,LU,0,0,5,0,0,0,0,1,4,1,1,0
0,0,0,0,0,0,0,0,0,0,1,0,0,14,0,MU,0,0,7,0,0,0,0,1,4,1,0,0
1,0,0,0,0,0,0,0,0,0,0,0,0,20,0,NU,0,0,12,1,0,0,0,1,4,1,0,0
1,0,0,0,1,0,0,0,0,0,0,1,0,14,0,OU,0,0,5,0,0,0,0,1,4,1,0,0
1,1,0,0,0,0,0,0,0,0,0,0,0,38,0,PU,0,0,30,0,0,0,0,1,4,1,0,0
0,0,0,0,0,0,1,0,0,0,0,1,0,19,1,QU,0,0,10,0,0,0,0,1,4,1,0,0
1,2,0,0,0,0,0,0,1,1,0,0,0,34,0,RU,0,0,24,0,0,0,0,1,3,1,0,0
1,0,0,0,0,0,0,0,0,0,0,0,0,9,0,SU,0,0,3,0,0,0,0,0,4,1,0,0
1,0,1,0,0,0,0,0,0,0,0,0,0,20,0,TU,0,0,14,0,0,0,0,1,2,1,0,0
0,0,0,0,0,0,0,1,0,0,0,0,0,6,0,UU,0,0,1,0,0,0,0,1,2,1,0,0
0,1,0,0,0,0,0,0,0,0,0,0,0,14,0,VU,0,0,7,0,0,0,0,1,4,1,0,0
0,0,1,0,0,0,0,0,1,0,0,0,0,17,0,WU,0,0,9,0,0,0,0,1,4,1,0,0
0,0,0,0,0,4,0,0,0,0,0,0,0,8,0,XU,0,0,3,0,0,0,0,0,0,1,0,0
0,0,0,0,0,0,0,0,0,0,0,0,0,3,0,YU,0,0,0,0,0,0,0,0,2,1,0,0
0,0,0,0,0,4,0,0,0,0,0,0,0,10,0,ZU,0,1,3,0,0,0,0,1,0,1,0,0
0,0,0,0,0,0,0,0,1,0,0,0,0,10,0,AV,0,0,3,0,0,0,0,1,4,1,0,0
1,0,0,0,0,0,0,0,1,0,0,0,0,16,0,BV,0,0,8,0,0,0,0,1,4,1,0,0
0,0,0,0,0,0,0,0,1,0,0,0,0,12,0,CV,0,0,5,0,0,0,0,1,4,1,0,0
0,0,0,0,0,0,0,0,0,0,0,0,0,8,0,DV,0,0,3,0,0,0,0,0,4,1,0,0
0,0,0,0,0,0,0,0,0,0,0,0,0,10,0,EV,0,0,5,0,0,0,0,0,4,1,0,0
0,0,0,0,0,0,0,0,0,0,0,0,0,8,0,FV,0,0,3,0,0,0,0,0,4,1,0,0
0,0,0,0,0,0,0,0,1,0,0,0,0,14,0,GV,0,0,7,0,0,0,0,1,4,1,0,0
0,0,0,0,0,4,0,0,0,0,0,0,0,16,0,HV,0,0,9,0,1,0,0,1,0,1,0,0
0,0,0,0,0,0,0,0,0,0,0,0,0,8,0,IV,0,0,3,0,0,0,0,0,4,1,0,0
0,0,0,0,0,0,0,0,1,0,0,0,0,15,0,JV,0,0,8,0,0,0,0,1,4,1,0,0
0,1,0,0,0,0,0,0,0,0,0,1,0,8,0,KV,0,0,2,0,0,0,0,1,2,1,0,0
0,0,0,0,0,0,0,0,0,0,0,0,0,19,0,LV,0,0,14,1,0,0,0,1,2,1,0,0
1,1,0,0,0,0,0,0,0,0,0,0,0,16,0,MV,0,0,8,0,0,0,0,1,4,1,0,0
0,0,0,0,0,0,0,0,1,0,0,0,0,11,0,NV,0,0,4,0,0,0,0,1,4,1,0,0
0,0,0,0,0,0,1,0,0,0,0,0,0,9,0,OV,0,0,3,0,0,0,0,0,4,1,0,0
0,0,0,0,0,0,0,0,0,0,0,1,0,14,0,PV,0,1,5,0,0,0,0,1,4,1,1,0
1,0,0,0,0,0,0,0,0,0,0,0,0,9,0,QV,0,0,3,0,0,0,0,0,4,1,0,0
0,0,0,0,0,0,0,0,0,0,0,0,0,3,0,RV,0,0,0,0,0,0,0,0,2,1,0,0
0,0,0,0,0,0,0,0,0,0,0,0,0,10,0,SV,0,0,3,0,0,0,0,1,4,1,0,1
0,1,0,0,0,0,0,0,0,0,0,1,0,17,0,TV,0,0,9,0,0,0,0,1,4,1,0,0
0,0,0,0,0,0,0,0,0,0,0,1,1,15,0,UV,0,0,7,0,0,0,0,1,4,1,0,0
0,0,0,0,0,0,0,0,0,0,0,0,0,5,0,VV,0,0,2,0,0,0,0,0,2,1,0,0
0,0,0,0,0,0,0,0,0,0,0,0,0,14,0,WV,0,0,7,0,0,0,0,1,4,1,1,0
0,0,0,0,0,4,0,0,0,0,0,0,0,8,0,XV,0,0,3,0,0,0,0,0,0,1,0,0
0,1,0,0,0,0,0,0,0,0,0,1,0,21,0,YV,0,0,13,0,0,0,0,1,4,1,0,0
0,0,0,0,0,0,0,0,0,0,0,0,0,12,0,ZV,0,0,5,0,0,0,0,1,4,1,1,0
0,0,0,0,0,0,0,0,0,0,0,0,0,7,0,AW,0,0,3,0,0,0,0,0,3,1,0,0
1,0,0,0,0,0,0,1,0,0,0,0,1,21,0,BW,0,0,12,0,0,0,0,1,4,1,0,0
0,2,0,0,0,0,0,0,0,0,0,0,0,15,0,CW,0,0,7,0,0,0,0,1,4,1,0,0
1,1,0,0,0,0,0,0,0,0,0,0,0,13,0,DW,0,0,5,0,0,0,0,1,4,1,0,0
0,1,0,0,0,0,1,0,0,0,0,0,0,23,0,EW,0,0,15,0,0,0,0,1,4,1,0,0
0,1,0,0,0,0,1,0,0,0,0,1,0,20,0,FW,0,0,11,0,0,0,0,1,4,1,0,0
0,0,0,0,0,0,0,0,0,0,0,0,0,11,0,GW,0,0,6,0,0,0,0,0,4,1,0,0
0,0,0,0,0,2,0,0,0,0,0,0,0,6,0,HW,0,0,2,0,0,0,0,0,0,2,0,0
0,1,0,0,0,0,0,0,0,0,0,0,0,13,0,IW,0,0,6,0,0,0,0,1,4,1,0,0
1,0,0,0,0,0,0,0,0,0,0,1,0,16,0,JW,0,0,7,0,0,0,0,1,4,1,1,0
1,0,0,0,0,0,0,0,0,0,0,1,0,13,0,KW,0,0,4,0,0,0,0,1,4,1,1,0
1,0,0,0,0,4,0,0,0,0,0,0,1,15,0,LW,0,0,7,0,0,0,0,1,0,1,0,0
0,2,0,0,0,0,0,0,0,0,0,0,0,30,0,MW,1,0,21,0,0,0,0,1,4,1,0,0
0,0,0,0,0,0,1,0,1,0,0,0,0,18,0,NW,0,0,10,0,0,0,0,1,4,1,0,0
0,0,1,0,0,0,0,0,0,0,0,0,0,16,0,OW,0,0,9,0,0,0,0,1,4,1,0,0
0,0,0,0,0,0,0,0,0,0,0,0,0,12,0,PW,0,0,5,0,1,0,0,1,4,1,0,0
0,1,0,0,0,0,0,0,0,0,0,1,0,14,0,QW,0,0,5,0,0,0,0,1,4,1,1,0
0,0,0,0,0,0,0,0,1,0,0,0,0,15,0,RW,0,0,7,0,0,0,0,1,4,1,1,0
1,0,0,0,0,0,0,0,0,0,0,0,0,19,0,SW,0,1,10,0,1,0,0,1,4,1,0,0
0,2,0,0,0,0,0,0,0,0,0,1,0,22,0,TW,0,0,13,0,0,0,0,1,4,1,0,0
0,1,0,0,0,0,0,0,0,0,0,1,0,14,0,UW,0,0,6,0,0,0,0,1,4,1,0,0
0,1,0,0,0,0,0,0,1,0,0,1,0,14,0,VW,0,0,5,0,0,0,0,1,4,1,0,0
0,1,0,1,0,0,0,0,0,1,0,1,0,18,0,WW,0,0,8,0,0,0,0,1,4,1,0,0
0,0,0,0,0,0,0,0,1,0,0,0,0,16,0,XW,0,0,9,0,0,0,0,1,4,1,0,0
0,1,0,0,0,0,0,0,0,0,0,0,0,10,0,YW,0,0,5,0,0,0,0,1,2,1,0,0
0,2,0,0,0,0,0,0,0,0,0,0,0,13,0,ZW,0,0,5,0,0,0,0,1,4,1,0,0
0,0,0,0,0,0,0,0,0,0,0,0,0,6,0,AX,0,0,3,0,0,0,0,0,2,1,0,0
0,0,0,0,0,0,0,0,0,0,0,1,0,17,0,BX,0,0,9,0,0,0,0,1,4,1,1,0
0,0,0,0,0,0,0,0,1,0,0,0,0,14,1,CX,0,0,7,0,0,0,0,1,3,1,0,0
0,0,0,0,0,0,0,0,0,0,0,0,0,13,0,DX,0,0,6,0,0,0,0,1,4,1,1,0
0,0,0,1,0,0,1,1,2,0,0,0,0,24,0,EX,0,0,13,0,0,0,0,1,4,1,0,0
0,0,0,0,0,0,0,0,1,0,1,1,0,17,0,FX,0,0,9,0,0,0,0,1,3,1,0,0
0,0,0,0,0,0,0,1,0,0,0,0,0,15,0,GX,0,0,7,1,0,0,0,1,4,1,0,0
0,0,0,0,0,4,0,0,0,0,0,0,0,10,0,HX,0,0,3,0,1,0,0,1,0,1,0,0
0,0,0,0,0,0,0,0,0,0,0,0,0,8,0,IX,0,0,3,0,0,0,0,0,4,1,0,0
0,0,0,1,0,0,0,0,0,0,0,0,0,17,0,JX,0,0,9,0,0,0,0,1,4,1,1,0
0,0,0,0,1,0,0,0,0,1,0,1,0,30,0,KX,0,0,24,0,0,0,0,1,1,1,0,0
0,0,0,0,0,0,0,0,1,0,0,0,0,13,0,LX,0,0,6,0,0,0,0,1,4,1,0,0
0,0,0,0,0,0,0,0,0,0,1,0,0,12,0,MX,0,0,5,0,0,0,0,1,4,1,0,0
0,0,0,0,0,0,0,0,1,0,0,0,0,12,0,NX,0,0,6,0,0,0,0,1,3,1,0,0
0,0,0,0,0,0,0,0,0,0,0,1,0,14,0,OX,0,0,6,0,0,0,0,1,4,1,1,0
0,0,0,0,0,0,0,0,0,0,0,0,0,5,0,PX,0,0,2,0,0,0,0,0,2,1,0,0
0,1,0,0,0,0,0,0,0,0,0,0,2,29,0,QX,0,0,18,0,0,0,1,1,4,1,1,0
0,0,0,0,0,2,0,0,0,0,0,0,0,5,0,RX,0,0,2,0,0,0,0,0,0,1,0,0
0,0,0,0,0,0,0,0,0,0,0,0,0,20,0,SX,0,0,12,0,1,0,0,1,4,1,0,1
0,0,0,0,0,0,0,0,0,0,0,1,0,15,0,TX,0,0,7,0,0,0,0,1,4,1,1,0
0,0,0,0,0,0,0,0,0,0,0,0,0,8,0,UX,0,0,3,0,0,0,0,0,4,1,0,0
0,0,0,0,0,0,0,0,0,0,0,0,0,5,0,VX,0,0,2,0,0,0,0,0,2,1,0,0
0,0,0,0,0,0,0,0,0,0,0,0,0,8,0,WX,0,0,3,0,0,0,0,0,4,1,0,0
1,0,0,0,0,0,0,0,0,0,0,0,0,12,0,XX,0,0,5,0,0,0,0,1,4,1,0,0
1,0,0,1,0,0,0,0,0,0,0,0,1,84,0,YX,0,0,74,0,0,0,0,1,4,1,1,0
0,0,0,0,0,0,0,0,0,0,0,0,0,10,0,ZX,0,0,3,0,0,0,0,1,4,1,1,0
0,0,0,0,0,0,0,0,0,0,0,0,0,22,0,AY,0,0,17,1,0,0,0,1,2,1,0,0
0,0,0,0,0,0,0,0,0,0,0,0,0,6,0,BY,0,0,3,0,0,0,0,0,2,1,0,0
1,2,1,0,0,0,0,0,0,0,0,0,0,33,0,CY,1,0,22,0,0,0,0,1,4,1,0,0
0,0,0,0,0,0,0,0,1,0,1,0,0,14,0,DY,0,0,6,0,0,0,0,1,4,1,0,0
0,0,0,0,0,0,0,0,0,0,0,0,0,12,0,EY,0,0,5,0,0,0,0,1,4,1,1,0
0,1,1,0,0,0,0,0,0,0,0,1,0,17,0,FY,0,0,8,0,0,0,0,1,4,1,0,0
0,0,0,0,0,0,1,0,0,0,0,0,0,13,0,GY,0,0,5,0,0,0,0,1,4,1,1,0
0,0,0,0,0,0,0,0,0,0,0,1,0,15,0,HY,0,0,7,0,0,0,0,1,4,1,1,0
0,0,0,0,0,0,0,0,0,0,0,1,1,18,0,IY,0,0,9,0,0,0,0,1,4,1,1,0
0,0,0,0,0,0,0,0,0,0,0,1,0,18,0,JY,0,0,10,0,0,0,0,1,4,1,1,0
0,0,0,0,0,0,0,0,0,0,0,0,0,5,0,KY,0,0,2,0,0,0,0,0,2,1,0,0
0,0,0,0,0,0,0,0,0,0,0,0,0,3,0,LY,0,0,0,0,0,0,0,0,2,1,0,0
0,0,0,0,0,0,0,0,0,0,0,0,0,6,0,MY,0,0,3,0,0,0,0,0,2,1,0,0
0,0,0,0,0,0,0,0,0,0,0,0,0,8,0,NY,0,0,3,0,0,0,0,0,4,1,0,0
0,0,0,0,0,0,1,0,0,0,0,0,0,16,0,OY,0,0,11,0,0,0,0,1,2,1,0,0
0,0,0,0,0,0,0,0,0,0,0,0,0,8,0,PY,0,0,3,0,0,0,0,0,4,1,0,0
0,0,0,0,0,0,0,0,1,0,0,0,0,12,0,QY,0,0,7,0,0,0,0,1,2,1,0,0
0,0,0,0,0,0,0,0,0,1,0,0,0,23,2,RY,0,0,14,0,0,0,0,1,4,1,0,0
1,0,0,0,1,0,0,0,0,0,0,1,0,14,0,SY,0,0,5,0,0,0,0,1,4,1,0,0
0,0,0,0,0,0,0,0,0,0,0,0,0,3,0,TY,0,0,0,0,0,0,0,0,2,1,0,0
1,0,0,0,0,0,0,0,0,0,0,0,0,9,0,UY,0,0,3,0,0,0,0,0,4,1,0,0
0,0,0,0,0,0,0,0,1,0,0,0,1,17,0,VY,0,0,9,0,0,0,0,1,4,1,0,0
0,0,0,0,0,0,0,0,0,0,0,0,0,3,0,WY,0,0,0,0,0,0,0,0,2,1,0,0
0,0,0,0,0,0,0,0,0,0,0,1,1,13,0,XY,0,0,5,0,0,0,0,1,4,1,0,0
1,0,0,0,0,0,1,0,0,1,0,0,0,21,0,YY,0,0,10,0,0,0,0,1,4,1,2,0
0,0,0,0,0,0,0,0,0,0,0,0,0,8,0,ZY,0,0,3,0,0,0,0,0,4,1,0,0
0,0,1,0,0,0,0,0,0,0,0,0,0,15,0,AZ,0,0,7,0,0,0,0,1,4,1,1,0
1,0,1,0,0,0,0,0,0,0,0,0,0,24,0,BZ,0,0,17,0,0,0,0,1,3,1,0,0
0,0,1,1,0,0,0,0,0,0,0,0,0,40,0,CZ,1,0,31,0,0,0,0,1,4,1,0,0
0,0,0,0,0,0,0,0,1,1,0,0,0,32,0,DZ,0,0,24,0,0,0,0,1,4,1,0,0
0,0,0,0,0,0,0,0,0,0,0,0,0,6,0,EZ,0,0,3,0,0,0,0,0,2,1,0,0
0,1,0,0,0,0,0,0,1,0,0,1,0,18,0,FZ,0,0,9,0,0,0,0,1,4,1,0,0
0,0,0,0,0,0,0,0,0,0,0,0,0,5,0,GZ,0,0,2,0,0,0,0,0,2,1,0,0
1,0,0,0,0,0,0,0,0,1,0,0,0,22,0,HZ,0,0,13,0,1,0,0,1,4,1,0,0
0,0,0,0,0,0,1,0,0,0,0,0,0,7,0,IZ,0,0,2,0,0,0,0,1,2,1,0,0
0,0,0,0,0,0,0,0,0,0,0,0,0,10,0,JZ,0,0,5,0,0,0,0,0,4,1,0,0
1,0,0,0,0,0,0,0,0,0,0,0,0,17,0,KZ,0,1,8,0,1,0,0,1,4,1,0,0
0,0,0,0,2,0,0,0,0,0,1,1,0,21,0,LZ,0,0,10,0,0,0,0,1,4,1,1,0
0,0,0,0,0,0,0,0,0,0,0,1,0,14,0,MZ,0,1,7,0,0,0,0,1,3,1,0,0
0,0,0,1,0,0,0,2,0,0,0,1,0,61,0,NZ,0,0,48,0,0,0,0,1,4,1,3,0
0,0,0,0,0,0,0,0,0,0,0,0,0,10,0,OZ,0,0,5,0,0,0,0,0,4,1,0,0
1,1,0,0,0,0,0,0,0,0,0,1,0,15,0,PZ,0,0,7,0,0,0,0,1,3,1,0,0
0,0,0,0,0,0,0,0,1,0,0,0,0,10,0,QZ,0,0,4,0,0,0,0,1,3,1,0,0
1,0,0,0,0,0,0,0,1,0,0,0,0,14,0,RZ,0,0,6,0,0,0,0,1,4,1,0,0
0,0,0,0,0,0,0,0,0,0,0,0,0,8,0,SZ,0,0,3,0,0,0,0,0,4,1,0,0
0,0,0,0,0,0,0,0,0,0,0,0,0,8,0,TZ,0,0,3,0,0,0,0,0,4,1,0,0
0,1,0,0,0,0,0,0,0,0,0,0,0,12,0,UZ,0,0,5,0,0,0,0,1,4,1,0,0
0,0,0,0,0,0,0,0,0,0,0,0,0,6,0,VZ,0,0,3,0,0,0,0,0,2,1,0,0
0,0,0,0,0,0,0,0,0,0,0,1,0,24,0,WZ,0,0,16,1,0,0,0,1,4,1,0,0
0,0,0,0,0,0,0,0,0,0,0,0,0,16,0,XZ,0,0,9,0,0,0,0,1,4,1,1,0
0,1,0,0,0,0,0,0,0,0,1,1,0,15,0,YZ,0,0,6,0,0,0,0,1,4,1,0,0
0,0,0,0,0,0,0,0,0,0,0,0,0,14,0,ZZ,0,0,7,0,1,0,0,1,4,1,0,0
0,0,0,0,0,0,0,0,0,0,0,1,0,11,0,AAA,0,0,3,0,0,0,0,1,4,1,1,0
0,0,0,0,0,0,0,0,1,0,0,0,0,12,0,BAA,0,0,5,0,0,0,0,1,4,1,0,0
0,0,0,0,0,4,0,0,0,0,0,0,0,8,0,CAA,0,0,3,0,0,0,0,0,0,1,0,0
0,0,0,0,0,0,0,0,1,0,0,0,0,16,0,DAA,0,0,9,0,0,0,0,1,4,1,0,0
0,0,0,0,0,0,0,0,0,0,0,0,0,15,0,EAA,1,0,9,0,0,0,0,1,2,1,1,0
0,0,0,0,0,0,0,0,0,0,0,1,0,17,0,FAA,0,0,8,0,1,0,0,1,4,1,0,1
0,0,0,0,0,0,0,0,0,0,0,0,0,16,0,GAA,0,0,9,0,1,0,0,1,4,1,0,0
0,1,0,0,0,0,0,0,0,1,0,0,0,21,0,HAA,0,0,13,0,0,0,0,1,3,1,1,0
0,0,0,0,0,0,0,0,0,0,0,1,0,9,0,IAA,0,0,3,0,1,0,0,1,2,1,0,0
0,0,0,0,0,0,0,0,0,0,0,0,0,23,0,JAA,0,0,17,0,1,0,0,1,2,1,0,1
1,0,0,0,0,0,0,0,0,0,0,0,0,5,0,KAA,0,0,0,0,0,0,0,1,2,1,0,0
0,0,0,0,0,0,0,0,0,0,0,0,0,8,0,LAA,0,0,3,0,0,0,0,0,4,1,0,0
0,0,0,0,0,0,0,0,0,0,0,0,0,14,1,MAA,0,0,9,0,0,0,0,1,2,1,0,0
0,0,0,0,0,0,0,0,0,0,0,0,0,3,0,NAA,0,0,0,0,0,0,0,0,2,1,0,0
0,0,0,0,0,0,0,0,0,1,1,0,0,37,0,OAA,0,0,29,0,1,0,0,1,3,1,0,0
0,0,0,0,0,0,0,0,0,0,0,0,0,8,0,PAA,0,0,3,0,0,0,0,0,4,1,0,0
0,0,0,0,0,0,0,0,1,0,0,0,0,14,0,QAA,0,0,7,0,0,0,0,1,4,1,0,0
0,0,0,0,0,0,0,0,1,1,0,0,0,17,0,RAA,0,0,8,0,0,0,0,1,4,1,1,0
0,0,0,0,0,0,0,0,0,0,0,0,0,11,0,SAA,0,0,6,0,1,0,0,1,2,1,0,0
0,0,0,0,0,0,0,0,1,0,0,0,0,18,0,TAA,0,0,11,0,0,0,0,1,4,1,0,0
0,0,0,0,0,0,0,0,0,0,0,0,0,5,0,UAA,0,0,2,0,0,0,0,0,2,1,0,0
0,0,0,0,0,4,0,0,0,1,0,1,0,20,0,VAA,0,0,11,0,1,0,0,1,0,1,0,0
0,0,0,0,0,0,0,0,1,0,0,0,0,12,0,WAA,0,0,5,0,0,0,0,1,4,1,0,0
1,0,0,0,0,0,0,0,1,0,0,0,0,13,0,XAA,0,0,5,0,0,0,0,1,4,1,0,0
0,0,0,0,0,4,0,0,0,0,0,0,0,12,0,YAA,0,1,5,0,0,0,0,1,0,1,0,0
0,0,0,0,1,0,0,0,0,0,0,0,0,15,0,ZAA,0,0,7,0,0,0,0,1,4,1,1,0
0,1,0,0,0,0,0,0,0,0,0,0,0,17,0,ABA,0,0,10,0,0,0,0,1,4,1,0,0
1,0,0,0,0,0,0,0,0,0,0,0,0,14,0,BBA,0,0,6,0,1,0,0,1,4,1,0,0
1,0,0,0,0,0,0,0,0,0,0,0,1,21,0,CBA,0,0,12,0,0,0,0,1,4,1,1,0
1,0,0,0,0,0,0,0,1,0,0,0,0,14,0,DBA,0,0,6,0,0,0,0,1,4,1,0,0
0,0,0,0,0,0,0,0,1,0,0,0,0,12,0,EBA,0,0,5,0,0,0,0,1,4,1,0,0
0,1,0,0,0,0,0,0,0,0,0,1,0,10,0,FBA,0,0,4,0,0,0,0,1,2,1,0,0
0,0,0,0,0,0,0,0,1,0,0,1,0,11,0,GBA,0,0,3,0,0,0,0,1,4,1,0,0
0,0,0,0,0,0,0,0,0,0,0,1,0,15,0,HBA,0,0,7,1,0,0,0,1,4,1,0,0
0,0,0,0,0,4,0,0,0,0,0,0,0,12,0,IBA,0,0,5,0,1,0,0,1,0,1,0,0
0,0,0,0,0,0,0,0,0,0,0,0,0,8,0,JBA,0,0,3,0,0,0,0,0,4,1,0,0
1,1,0,0,0,0,0,0,0,0,0,0,0,15,0,KBA,0,0,7,0,0,0,0,1,4,1,0,0
0,1,0,0,0,0,0,0,0,0,0,0,0,19,0,LBA,0,0,11,1,0,0,0,1,4,1,0,0
0,1,0,0,0,0,0,0,0,0,0,0,0,11,0,MBA,0,0,4,0,0,0,0,1,4,1,0,0
0,0,0,0,0,0,0,0,0,0,0,0,0,5,0,NBA,0,0,2,0,0,0,0,0,2,1,0,0
0,0,0,0,1,0,0,0,0,0,0,0,0,13,0,OBA,0,0,8,0,0,0,0,1,2,1,0,0
0,0,0,1,0,0,0,0,0,0,0,0,0,11,0,PBA,0,0,4,0,0,0,0,1,4,1,0,0
0,0,0,0,1,0,0,0,0,1,0,0,0,33,0,QBA,0,0,25,0,0,0,0,1,4,1,0,0
0,0,0,0,0,0,0,0,0,0,0,0,0,13,1,RBA,0,0,7,0,0,0,0,1,3,1,0,0
0,1,0,0,0,0,0,0,0,0,0,0,0,14,0,SBA,0,0,6,0,0,0,0,1,4,1,1,0
0,0,0,0,0,0,0,0,1,0,0,0,0,12,0,TBA,0,0,5,0,0,0,0,1,4,1,0,0
0,0,0,0,0,0,0,0,0,0,0,1,1,15,0,UBA,0,0,7,0,0,0,0,1,4,1,0,0
0,0,0,0,0,0,0,0,0,0,0,0,0,5,0,VBA,0,0,2,0,0,0,0,0,2,1,0,0
0,0,0,0,0,0,0,0,0,0,0,0,1,12,0,WBA,0,0,6,0,0,0,0,1,2,1,1,0
0,0,0,0,0,0,0,0,0,1,1,1,2,27,0,XBA,0,0,16,0,0,0,0,1,4,1,0,0
0,0,0,0,0,0,0,0,1,0,0,0,0,14,0,YBA,0,0,7,0,0,0,0,1,4,1,0,0
0,0,0,0,0,0,0,0,0,0,0,0,0,11,0,ZBA,0,0,4,0,1,0,0,1,4,1,0,0
0,0,0,0,0,0,0,0,0,0,0,0,0,8,0,ACA,0,0,3,0,0,0,0,0,4,1,0,0
0,0,0,0,0,4,0,0,0,0,0,0,0,19,0,BCA,1,0,12,0,0,0,0,1,0,1,0,0
0,0,0,0,0,0,0,0,0,0,0,0,0,8,0,CCA,0,0,3,0,0,0,0,0,4,1,0,0
0,1,0,0,0,0,0,0,0,0,0,1,0,13,0,DCA,0,0,5,0,0,0,0,1,4,1,0,0
0,0,0,0,1,0,0,0,0,1,0,0,0,19,0,ECA,0,0,11,0,0,0,0,1,4,1,0,0
0,0,0,0,0,0,0,0,0,0,0,1,0,15,0,FCA,0,0,7,0,1,0,0,1,4,1,0,0
0,0,0,0,0,0,0,0,1,0,0,1,0,14,0,GCA,0,0,6,0,0,0,0,1,4,1,0,0
0,0,0,0,0,0,0,0,0,0,0,0,0,8,0,HCA,0,0,3,0,0,0,0,0,4,1,0,0
0,0,0,0,0,0,0,0,0,0,0,0,0,5,0,ICA,0,0,2,0,0,0,0,0,2,1,0,0
0,0,0,0,0,0,0,0,0,0,0,1,0,18,0,JCA,0,0,10,1,0,0,0,1,4,1,0,0
0,0,0,0,0,0,0,0,0,0,0,0,0,11,0,KCA,0,0,4,0,0,0,0,1,4,1,1,0
0,0,0,0,0,4,0,0,0,0,0,0,0,8,0,LCA,0,0,3,0,0,0,0,0,0,1,0,0
0,0,0,0,0,0,0,0,0,0,0,0,0,5,0,MCA,0,0,2,0,0,0,0,0,2,1,0,0
1,1,0,0,0,0,0,0,0,0,0,1,0,17,0,NCA,0,0,8,0,0,0,0,1,4,1,0,0
0,0,0,0,0,0,0,0,0,0,0,0,0,5,0,OCA,0,0,2,0,0,0,0,0,2,1,0,0
0,0,1,0,0,0,0,0,0,0,0,0,0,10,0,PCA,0,0,6,0,0,0,0,0,2,1,0,0
1,0,0,0,0,0,0,0,1,0,0,0,0,15,0,QCA,0,0,7,0,0,0,0,1,4,1,0,0
1,0,0,0,1,0,0,0,0,0,0,1,0,15,0,RCA,0,0,6,0,0,0,0,1,4,1,0,0
0,0,0,0,0,0,0,0,0,1,0,1,1,17,0,SCA,0,0,7,0,0,0,0,1,4,1,1,0
0,0,0,0,0,0,1,0,0,0,0,1,0,21,0,TCA,0,0,13,0,0,0,0,1,4,1,0,0
0,0,0,0,0,0,0,0,0,0,0,0,0,5,0,UCA,0,0,2,0,0,0,0,0,2,1,0,0
0,0,0,0,0,0,0,0,1,0,0,1,0,15,0,VCA,0,0,7,0,0,0,0,1,4,1,0,0
0,1,0,0,0,0,0,0,0,1,0,0,0,20,0,WCA,0,0,12,0,0,0,0,1,4,1,0,0
0,2,0,0,0,0,0,0,0,0,0,1,0,35,0,XCA,2,0,23,0,0,0,0,1,4,1,1,0
1,0,0,0,0,0,0,0,0,0,0,0,0,11,0,YCA,0,0,5,0,0,0,0,0,4,1,0,0
0,0,0,0,0,0,0,0,0,0,0,0,0,9,0,ZCA,0,0,4,0,0,0,0,0,4,1,0,0
0,0,1,0,0,0,0,0,0,0,0,1,0,24,0,ADA,0,0,17,0,0,0,0,1,3,1,0,0
1,0,0,0,0,0,0,1,0,0,0,0,0,12,0,BDA,0,0,4,0,0,0,0,1,4,1,0,0
0,0,0,0,0,0,0,0,0,0,0,0,0,3,0,CDA,0,0,0,0,0,0,0,0,2,1,0,0
0,0,0,0,0,0,0,0,1,0,0,0,0,17,0,DDA,0,0,10,0,0,0,0,1,4,1,0,0
0,0,0,0,0,0,0,0,0,0,0,1,0,12,0,EDA,0,0,4,0,0,0,0,1,4,1,1,0
1,0,0,0,0,0,0,0,1,0,0,1,0,18,0,FDA,0,0,9,0,0,0,0,1,4,1,0,0
1,0,1,0,0,0,0,0,0,0,0,1,0,9,0,GDA,0,0,2,0,0,0,0,1,2,1,0,0
0,0,0,0,0,0,0,0,0,0,0,1,0,12,0,HDA,0,0,4,0,1,0,0,1,4,1,0,0
1,0,0,0,0,0,0,0,1,0,0,1,0,13,0,IDA,0,0,4,0,0,0,0,1,4,1,0,0
0,0,0,0,0,0,0,0,0,0,0,0,0,8,0,JDA,0,0,3,0,0,0,0,0,4,1,0,0
0,0,0,0,0,0,0,0,0,0,0,0,0,3,0,KDA,0,0,0,0,0,0,0,0,2,1,0,0
0,0,0,0,0,0,0,0,0,0,1,0,1,15,0,LDA,0,0,7,0,0,0,0,1,4,1,0,0
0,0,0,0,0,0,0,0,0,1,0,0,0,12,0,MDA,0,0,6,0,0,0,0,0,4,1,0,0
0,0,0,1,0,0,0,0,2,0,0,0,0,15,0,NDA,0,0,6,0,0,0,0,1,4,1,0,0
0,0,0,0,0,0,0,0,0,0,0,0,0,23,0,ODA,0,0,15,1,0,0,0,1,4,1,1,0
1,0,0,0,0,4,0,0,0,0,0,0,0,16,0,PDA,0,0,8,0,1,0,0,1,0,1,0,0
0,1,0,0,0,0,0,0,0,0,0,1,0,9,0,QDA,0,0,3,0,0,0,0,1,2,1,0,0
0,0,0,0,0,0,0,0,0,0,0,0,0,8,0,RDA,0,0,3,0,0,0,0,0,4,1,0,0
0,0,0,0,0,0,0,0,0,0,0,0,0,14,1,SDA,0,0,7,0,0,0,0,1,4,1,0,0
0,0,0,0,0,0,0,0,0,0,0,0,0,10,0,TDA,0,0,3,0,1,0,0,1,4,1,0,0
0,0,0,0,1,0,0,0,0,0,0,0,0,30,1,UDA,0,0,22,0,0,0,0,1,4,1,0,0
0,0,0,0,0,0,0,0,0,0,0,1,0,13,0,VDA,0,0,5,0,0,0,0,1,4,1,1,0
0,0,0,1,0,0,0,0,0,0,0,0,0,31,0,WDA,0,0,23,0,0,0,0,1,4,1,1,0
0,0,0,0,0,0,0,0,0,0,0,0,0,6,0,XDA,0,0,3,0,0,0,0,0,2,1,0,0
0,0,0,0,1,0,0,0,0,0,0,1,0,13,0,YDA,0,0,5,0,0,0,0,1,4,1,0,0
0,0,0,0,0,0,0,0,1,1,0,1,0,18,0,ZDA,0,0,9,0,0,0,0,1,4,1,0,0
0,1,0,0,0,0,0,0,0,0,0,0,0,9,0,AEA,0,0,3,0,0,0,0,0,4,1,0,0
0,0,0,0,0,0,0,0,0,0,0,0,0,8,0,BEA,0,0,3,0,0,0,0,0,4,1,0,0
0,0,0,0,0,0,0,0,0,0,0,0,0,14,0,CEA,0,0,7,0,1,0,0,1,4,1,0,0
0,0,0,0,0,0,0,0,0,0,0,0,0,14,0,DEA,0,0,6,0,1,0,0,1,4,1,0,1
0,0,0,0,0,0,1,0,0,0,0,1,0,13,0,EEA,0,0,5,0,0,0,0,1,4,1,0,0
0,1,0,0,0,0,0,0,0,0,0,0,0,10,0,FEA,0,0,3,0,0,0,0,1,4,1,0,0
0,0,0,0,0,0,0,0,0,0,0,0,0,14,0,GEA,0,0,7,0,0,0,0,1,4,1,1,0
0,0,0,0,0,0,0,0,0,0,0,1,0,19,0,HEA,0,0,11,0,0,0,0,1,4,1,1,0
0,0,0,0,0,0,0,0,0,0,0,1,0,13,0,IEA,0,0,5,0,0,0,0,1,4,1,1,0
0,0,0,0,0,0,0,0,0,0,0,0,0,9,0,JEA,0,0,3,0,0,0,0,0,4,1,1,0
0,0,0,0,0,4,0,0,0,0,0,0,0,8,0,KEA,0,0,3,0,0,0,0,0,0,1,0,0
0,0,0,1,0,0,0,0,1,0,0,0,0,30,0,LEA,0,0,22,0,0,0,0,1,4,1,0,0
0,0,1,0,0,0,0,0,1,0,0,0,0,21,0,MEA,0,0,13,0,0,0,0,1,4,1,0,0
0,1,0,1,0,0,0,0,0,0,0,0,0,51,0,NEA,0,0,44,0,0,0,0,1,3,1,0,0
0,0,0,0,0,0,0,0,1,0,0,1,0,20,0,OEA,0,0,11,1,0,0,0,1,4,1,0,0
0,0,0,0,0,0,0,0,0,0,0,0,1,10,0,PEA,0,0,3,0,0,0,0,1,4,1,0,0
0,0,0,0,0,0,0,0,0,0,0,0,0,7,0,QEA,0,0,2,0,0,0,0,0,4,1,0,0
0,0,0,0,0,0,0,0,0,0,0,0,0,6,0,REA,0,0,3,0,0,0,0,0,2,1,0,0
0,0,0,0,0,0,0,0,0,0,1,1,0,10,0,SEA,0,0,3,0,0,0,0,1,3,1,0,0
0,1,0,0,0,0,0,0,1,0,0,0,0,13,0,TEA,0,0,5,0,0,0,0,1,4,1,0,0
0,0,0,0,0,0,0,0,0,0,0,0,0,3,0,UEA,0,0,0,0,0,0,0,0,2,1,0,0
0,0,0,0,0,0,0,0,0,0,0,0,0,8,0,VEA,0,0,3,0,0,0,0,0,4,1,0,0
0,0,0,0,0,0,0,0,0,0,0,0,0,7,0,WEA,0,0,2,0,0,0,0,0,4,1,0,0
0,0,0,0,0,0,0,0,0,0,0,0,1,12,0,XEA,0,0,5,0,0,0,0,1,4,1,0,0
0,1,0,0,0,0,0,0,0,0,0,0,0,10,0,YEA,0,0,3,0,0,0,0,1,4,1,0,0
0,1,0,0,0,0,0,0,0,1,0,1,0,18,0,ZEA,0,0,9,0,0,0,0,1,4,1,0,0
0,0,0,0,0,0,0,0,1,0,0,1,0,13,0,AFA,0,0,6,0,0,0,0,1,3,1,0,0
0,2,0,1,0,0,0,0,0,0,0,0,0,21,0,BFA,0,0,12,0,0,0,0,1,4,1,0,0
0,0,1,0,0,0,0,0,1,0,0,0,0,18,0,CFA,0,0,11,0,0,0,0,1,3,1,0,0
0,0,0,0,0,2,0,0,0,0,0,0,0,10,0,DFA,0,0,4,0,1,0,0,1,0,1,0,1
0,0,0,0,0,0,0,0,0,0,0,0,0,6,0,EFA,0,0,3,0,0,0,0,0,2,1,0,0
0,0,0,0,0,0,0,0,0,0,0,0,0,3,0,FFA,0,0,0,0,0,0,0,0,2,1,0,0
0,0,0,0,0,0,0,1,0,0,0,0,0,10,0,GFA,0,0,3,0,0,0,0,1,4,1,0,0
0,0,0,0,0,0,0,0,0,0,0,0,0,8,0,HFA,0,0,3,0,0,0,0,0,4,1,0,0
0,0,0,0,0,0,0,0,0,0,0,0,0,8,0,IFA,0,0,3,0,0,0,0,0,4,1,0,0
